time,channel1,channel2,channel3,channel4,channel5,channel6,channel7,channel8,position
18.64769744873047,19,17,16,11,17,19,20,18,1
18.670788526535034,20,20,15,10,17,18,19,18,1
18.69334316253662,19,20,17,9,16,18,20,21,1
18.708325624465942,22,21,18,9,15,18,18,20,1
18.731172800064087,24,21,18,9,13,18,19,23,1
19.067633867263794,24,22,20,10,77,18,21,26,1
19.091144323349,25,24,30,9,118,19,18,27,1
19.113499879837036,28,27,56,9,149,19,23,43,1
19.12765908241272,31,28,79,9,191,22,23,51,1
19.151068687438965,35,30,94,8,242,29,26,54,1
19.175147533416748,35,29,118,8,258,39,26,58,1
19.187623500823975,33,31,121,8,251,44,29,57,1
19.21090579032898,34,35,131,8,244,49,30,50,1
20.0577712059021,44,45,42,11,41,33,28,58,2
20.08006000518799,38,43,43,11,45,30,26,55,2
20.097108125686646,45,51,56,10,49,30,24,58,2
20.119535207748413,50,52,60,10,52,35,31,67,2
20.140087366104126,54,56,77,10,70,37,35,74,2
20.157461166381836,56,58,86,10,75,35,37,75,2
20.17941451072693,58,61,88,10,71,36,40,77,2
20.681255102157593,128,75,75,10,200,419,312,169,1
20.705164194107056,158,84,88,10,217,447,332,161,1
20.72027063369751,174,90,89,10,218,448,332,173,1
20.73956608772278,183,98,94,10,222,453,337,185,1
20.756134271621704,183,94,91,10,207,408,298,167,1
20.78004479408264,170,97,87,10,151,307,221,163,1
20.80030870437622,144,86,79,10,137,316,210,171,1
20.824346780776978,136,92,92,10,152,339,227,166,1
20.840707063674927,126,86,90,10,149,342,232,162,1
20.86059260368347,150,96,90,9,149,339,228,166,1
20.88266921043396,150,89,81,9,151,337,239,151,1
20.91263508796692,147,86,79,10,144,288,229,146,1
20.929255723953247,140,76,66,11,145,286,238,150,1
20.9502911567688,141,77,65,11,144,276,227,149,1
20.965081930160522,127,70,67,16,158,321,260,146,1
20.981909036636353,118,78,84,21,153,301,241,150,1
21.002716302871704,114,79,86,24,167,346,280,157,1
21.017452716827393,113,79,85,27,160,336,264,144,1
21.040090084075928,119,80,91,29,188,392,311,188,1
21.063488245010376,115,92,99,29,200,411,331,198,1
21.07774829864502,175,99,97,27,235,501,386,231,1
21.10078001022339,206,104,96,27,237,508,371,223,1
21.122581243515015,248,120,99,25,249,543,387,238,1
21.13763451576233,287,125,92,24,237,522,362,214,1
21.160292387008667,316,132,89,23,248,551,356,233,1
21.182535648345947,293,129,89,22,232,516,352,223,1
21.214459896087646,288,134,97,22,225,514,348,225,1
21.243792057037354,274,129,94,20,226,510,352,215,1
21.250048637390137,243,126,104,18,259,580,400,227,1
21.265074729919434,256,123,111,16,263,577,398,220,1
21.288268566131592,265,119,106,15,241,528,355,211,1
21.30315113067627,257,111,107,13,249,518,367,236,1
21.32026433944702,244,104,105,13,241,511,363,238,1
21.340235233306885,256,107,105,17,227,477,337,239,1
21.362644910812378,238,102,92,19,189,410,312,238,1
21.37945580482483,225,101,91,21,190,416,310,228,1
21.40027666091919,214,102,84,22,182,406,284,199,1
21.422411918640137,208,103,86,24,172,369,259,209,1
21.439189910888672,176,99,82,23,163,358,266,187,1
21.460068941116333,116,88,83,22,161,337,246,154,1
21.482718467712402,110,87,86,21,165,336,244,150,1
21.49971079826355,108,91,89,21,152,308,232,142,1
21.521254062652588,96,82,84,20,151,307,233,116,1
21.542708158493042,112,78,78,19,118,234,173,123,1
21.56056547164917,125,73,76,18,122,244,184,140,1
21.58019781112671,134,69,71,17,112,225,171,147,1
21.60279655456543,139,66,65,16,111,233,176,152,1
21.619412422180176,176,83,67,15,118,235,174,157,1
21.640464544296265,170,86,64,15,116,229,182,148,1
21.662602186203003,170,93,65,14,122,243,194,135,1
21.68050742149353,176,95,65,12,147,297,221,127,1
21.70013737678528,175,92,59,19,145,306,225,125,1
21.72269344329834,143,78,60,27,151,328,235,135,1
21.739859342575073,146,82,61,28,146,322,225,136,1
21.761018753051758,136,80,68,28,134,304,212,144,1
21.78287124633789,125,78,64,28,109,253,190,145,1
21.805092096328735,125,76,61,23,120,269,205,147,1
21.82005286216736,122,75,58,11,102,232,187,131,1
21.84264874458313,136,77,60,7,98,206,173,136,1
21.874112367630005,138,78,49,5,95,200,167,130,1
21.879517555236816,126,80,52,4,92,198,163,134,1
21.90261721611023,122,83,68,3,88,156,134,133,1
21.925721168518066,159,96,76,3,106,205,164,151,1
21.947657108306885,164,94,77,3,138,275,195,156,1
21.962697505950928,169,92,78,3,140,280,193,153,1
21.985095739364624,184,96,79,3,159,313,206,149,1
22.000285148620605,189,94,71,3,172,347,240,158,1
22.022541284561157,159,83,64,3,161,322,220,150,1
22.044675827026367,131,76,65,3,135,280,200,133,1
22.060176849365234,133,72,66,4,135,279,208,137,1
22.082566499710083,118,67,62,15,109,229,181,130,1
22.107298612594604,121,72,60,23,69,154,121,114,1
22.12002468109131,119,73,58,28,76,151,132,107,1
22.143458366394043,124,77,59,32,69,124,129,118,1
22.16473937034607,130,95,72,36,78,131,121,116,1
22.198956966400146,133,97,77,37,86,159,143,118,1
22.202553272247314,123,97,76,36,87,158,141,116,1
22.22456192970276,127,99,81,34,78,148,135,121,1
22.2399423122406,133,101,86,31,92,168,136,116,1
22.262741804122925,118,86,78,27,86,159,137,130,1
22.285118103027344,113,89,76,22,82,153,129,131,1
22.300013065338135,109,85,74,17,86,160,130,129,1
22.32262635231018,115,90,77,13,95,187,150,138,1
22.345550775527954,106,84,69,12,98,202,155,136,1
22.36026954650879,105,82,67,13,99,200,148,122,1
22.38257622718811,93,72,67,12,97,191,143,123,1
22.40531897544861,94,73,70,11,98,199,153,129,1
22.420056343078613,80,59,62,11,96,190,139,114,1
22.44264793395996,78,53,58,9,81,156,120,107,1
22.464513063430786,83,64,62,16,82,157,124,108,1
22.480250597000122,87,62,62,23,87,158,128,103,1
22.50263524055481,94,70,62,28,84,155,118,104,1
22.52534770965576,96,75,65,32,77,133,106,100,1
22.5404314994812,92,76,65,35,81,137,109,98,1
22.562517404556274,90,72,63,32,73,125,102,96,1
22.585325241088867,94,77,61,28,65,123,96,110,1
22.600011825561523,90,71,61,24,59,100,86,102,1
22.62270188331604,86,73,64,18,57,96,79,97,1
22.645463943481445,92,80,68,12,52,91,78,99,1
22.660019159317017,97,83,69,11,63,115,94,103,1
22.683593273162842,95,88,76,10,64,119,96,94,1
22.70543909072876,93,85,76,10,67,129,105,96,1
22.720032930374146,97,84,70,11,67,131,109,110,1
22.74286961555481,87,77,66,11,76,157,124,106,1
22.767225980758667,79,70,61,11,73,155,115,98,1
22.787761926651,78,61,55,11,79,167,122,93,1
22.80243754386902,88,63,55,11,100,206,141,106,1
22.824999809265137,90,64,61,11,101,210,147,98,1
22.847870588302612,97,72,66,10,97,202,140,110,1
22.862018585205078,105,81,75,10,100,207,150,130,1
22.88521432876587,109,79,73,10,93,189,139,125,1
22.907721281051636,111,85,76,10,72,141,124,118,1
22.92264413833618,110,79,73,10,85,177,135,117,1
22.94529104232788,109,79,79,10,90,184,142,110,1
22.967634677886963,102,77,77,10,94,181,140,95,1
22.982529401779175,95,78,77,10,96,191,149,105,1
23.005053997039795,90,71,73,11,101,198,142,104,1
23.02790594100952,93,74,74,10,88,162,122,100,1
23.042574644088745,93,65,64,11,89,172,143,96,1
23.065199851989746,97,59,57,10,89,177,143,87,1
23.087608814239502,112,65,61,10,96,195,165,73,1
23.103055238723755,114,70,64,10,96,199,174,81,1
23.125030040740967,109,67,58,10,101,207,179,86,1
23.14815092086792,110,68,60,9,93,186,160,102,1
23.162551164627075,117,70,61,9,87,177,158,113,1
23.18559217453003,116,73,55,9,77,147,126,115,1
23.20775866508484,112,67,50,10,64,128,117,108,1
23.222548246383667,113,71,59,9,84,154,138,106,1
23.24499201774597,106,75,61,10,88,152,132,88,1
23.268070697784424,113,84,77,10,87,144,130,109,1
23.2825129032135,99,76,77,11,95,156,135,112,1
23.305084705352783,99,80,76,11,97,165,135,113,1
23.327985286712646,113,96,85,11,77,133,118,128,1
23.342843294143677,134,109,96,11,77,130,117,139,1
23.365119457244873,122,106,85,11,88,158,125,115,1
23.387222051620483,121,103,84,10,88,166,134,110,1
23.40326428413391,132,108,98,10,102,183,151,117,1
23.425020217895508,124,95,92,9,100,184,147,122,1
23.447849988937378,101,73,76,10,100,187,146,116,1
23.462578535079956,95,67,75,11,86,169,136,117,1
23.485244274139404,100,69,78,11,83,159,132,126,1
23.507678985595703,88,63,62,11,73,153,122,122,1
23.522635221481323,80,59,54,11,74,152,123,104,1
23.545629262924194,77,60,54,11,69,146,123,101,1
23.567649126052856,77,56,50,10,72,154,129,99,1
23.58255100250244,75,61,54,10,71,161,128,92,1
23.605093240737915,89,71,61,10,71,166,138,104,1
23.62780213356018,85,67,59,10,69,162,137,103,1
23.642885446548462,92,71,61,10,73,175,147,111,1
23.66505718231201,88,73,61,10,73,170,143,112,1
23.687618494033813,89,71,60,10,72,157,140,119,1
23.710110187530518,69,55,49,10,82,159,133,107,1
23.72511863708496,71,56,47,10,88,171,135,103,1
23.755755186080933,67,54,48,10,87,167,128,95,1
23.770427942276,74,53,51,10,88,162,131,104,1
23.78510332107544,72,52,48,9,85,163,131,95,1
23.808122158050537,73,60,58,10,72,135,114,90,1
23.830362558364868,83,61,59,10,70,139,118,89,1
23.845044136047363,86,61,55,10,67,130,108,87,1
23.86762762069702,89,70,63,10,67,134,105,83,1
23.890178680419922,92,68,62,11,82,162,117,89,1
23.9050772190094,98,66,57,11,93,186,136,95,1
23.928105354309082,100,69,60,11,114,234,168,107,1
23.950217723846436,109,75,80,10,160,309,231,141,1
23.965107917785645,103,69,77,10,167,323,242,144,1
23.987598657608032,104,66,74,10,161,312,237,141,1
24.010576963424683,110,63,73,10,156,305,229,142,1
24.025378227233887,107,63,80,10,158,292,219,135,1
24.047797441482544,102,61,64,10,119,220,167,105,1
24.070062398910522,108,61,61,10,110,196,149,94,1
24.08503532409668,109,70,68,10,120,218,171,133,1
24.107900381088257,112,73,68,10,116,213,172,140,1
24.13044023513794,130,82,64,10,96,179,152,159,1
24.145130395889282,141,79,58,10,94,193,148,162,1
24.168172359466553,152,96,69,10,114,230,184,176,1
24.190627574920654,169,95,75,10,153,331,252,164,1
24.20538640022278,211,96,81,11,170,367,270,170,1
24.228246450424194,206,97,91,11,182,390,287,161,1
24.250091314315796,199,101,100,11,192,399,290,168,1
24.266988039016724,204,89,96,11,185,387,277,167,1
24.2877357006073,198,95,88,11,150,311,225,165,1
24.310998678207397,160,103,89,10,159,327,231,175,1
24.32509160041809,151,98,76,10,143,299,213,173,1
24.347803115844727,149,98,71,10,144,303,221,162,1
24.370099306106567,140,96,64,9,146,312,227,152,1
24.385355234146118,125,86,62,10,141,286,200,143,1
24.407917022705078,108,74,56,10,120,233,188,133,1
24.4301495552063,106,69,55,11,120,226,178,126,1
24.445080280303955,104,62,52,11,99,181,153,127,1
24.468037366867065,91,61,61,11,91,161,150,136,1
24.490602731704712,92,66,66,10,99,172,161,128,1
24.50513982772827,112,72,69,10,92,175,156,145,1
24.52783703804016,111,69,65,10,92,177,161,142,1
24.55064630508423,116,77,67,10,98,202,184,155,1
24.565783500671387,134,86,78,10,174,344,283,166,1
24.5877525806427,156,88,84,10,209,424,337,193,1
24.610723972320557,143,85,87,10,225,452,355,180,1
24.62531328201294,152,95,94,10,226,459,357,188,1
24.64765691757202,175,106,97,10,231,469,371,201,1
24.671356678009033,168,99,89,10,204,424,333,196,1
24.69339942932129,148,95,84,10,175,365,289,172,1
24.707587957382202,186,111,82,10,162,331,265,186,1
24.730470180511475,188,105,78,10,186,378,296,187,1
24.75317144393921,190,93,72,10,191,390,303,167,1
24.767579555511475,187,94,71,10,170,344,271,157,1
24.79034686088562,205,106,73,10,159,332,258,171,1
24.812896728515625,174,88,75,10,170,347,274,177,1
24.827283143997192,204,92,74,10,156,317,256,183,1
24.850268363952637,185,101,84,10,160,297,228,202,1
24.874456644058228,200,108,83,9,165,353,260,218,1
24.887716054916382,184,101,81,10,177,376,281,216,1
24.91014838218689,186,104,78,10,181,396,303,207,1
24.933555841445923,148,99,80,10,198,436,324,211,1
24.947587490081787,168,101,75,10,214,488,365,213,1
24.97013831138611,195,112,74,11,230,482,347,207,1
25.00093364715576,214,133,82,11,228,469,345,239,1
25.007558345794678,226,135,84,11,237,476,330,241,1
25.030275583267212,236,137,87,11,234,450,318,232,1
25.053319931030273,234,134,82,10,218,411,276,219,1
25.068109273910522,202,117,80,10,210,399,289,228,1
25.09090757369995,269,118,93,10,218,404,304,222,1
25.11353087425232,294,139,95,10,206,386,308,227,1
25.127225399017334,333,160,98,10,208,412,332,268,1
25.149556398391724,376,172,98,10,204,384,322,281,1
25.173360586166382,380,174,99,11,193,361,306,272,1
25.187638998031616,330,155,79,11,184,359,290,249,1
25.210164785385132,322,150,70,11,191,379,303,263,1
25.23321843147278,305,138,58,10,173,331,268,254,1
25.247636079788208,250,121,58,10,180,350,277,234,1
25.270195484161377,263,149,61,10,175,345,271,231,1
25.293349027633667,256,155,55,10,174,361,278,231,1
25.307742595672607,245,145,58,10,138,298,222,198,1
25.331106424331665,211,134,56,10,136,307,225,164,1
25.35260581970215,213,149,55,10,122,323,232,160,1
25.367531776428223,189,134,61,10,127,316,224,153,1
25.39014172554016,188,128,63,10,116,271,187,144,1
25.413021564483643,163,122,64,10,123,279,192,134,1
25.42793917655945,150,119,69,11,122,270,174,122,1
25.450963258743286,125,98,67,11,106,205,128,117,1
25.4728946685791,144,90,61,11,111,240,144,118,1
25.488917350769043,142,91,58,11,117,267,165,127,1
25.510504722595215,140,99,58,11,109,253,161,128,1
25.533236265182495,158,107,63,11,114,270,178,126,1
25.555777072906494,154,106,65,11,120,279,190,123,1
25.570062160491943,136,98,71,11,112,252,190,125,1
25.592576265335083,156,99,74,10,118,239,197,137,1
25.615809202194214,155,92,82,10,127,251,205,149,1
25.630008935928345,145,91,84,10,137,257,233,160,1
25.652652263641357,142,87,83,10,139,259,234,170,1
25.675859451293945,141,84,83,11,135,262,240,172,1
25.690216064453125,112,82,84,11,123,248,223,155,1
25.71297311782837,109,78,77,11,115,240,217,142,1
25.735830068588257,125,75,67,11,81,207,161,127,1
25.750136137008667,139,80,67,11,101,248,186,121,1
25.7726788520813,141,85,75,10,157,334,243,121,1
25.79608941078186,144,85,72,10,163,342,244,116,1
25.80975365638733,149,85,68,10,162,339,244,115,1
25.83226180076599,128,78,68,10,162,322,243,110,1
25.856133222579956,136,83,72,10,152,289,218,126,1
25.87002468109131,132,76,55,10,93,175,138,125,1
25.8926362991333,151,88,54,10,99,196,179,132,1
25.91674566268921,147,93,52,11,99,212,186,133,1
25.930063724517822,146,106,58,11,94,207,177,129,1
25.952673196792603,129,98,55,11,102,207,184,123,1
25.975830078125,130,96,59,11,109,207,175,123,1
25.990050554275513,102,85,61,10,98,176,127,118,1
26.012649059295654,101,82,65,10,101,162,124,134,1
26.035906076431274,102,75,78,10,121,192,150,142,1
26.05015730857849,127,88,80,10,119,196,148,147,1
26.072579860687256,137,90,79,10,112,194,151,147,1
26.096147060394287,140,89,76,10,117,200,156,151,1
26.111393690109253,150,91,79,10,120,217,165,138,1
26.132185220718384,149,87,63,10,106,204,149,134,1
26.155263662338257,146,80,61,10,101,210,161,122,1
26.170029640197754,145,80,68,10,114,239,187,121,1
26.193010330200195,140,80,68,11,104,226,180,118,1
26.21604609489441,139,90,68,11,115,240,191,122,1
26.230064630508423,154,93,68,11,111,235,190,129,1
26.253119468688965,153,95,63,11,105,218,178,126,1
26.276344060897827,151,96,53,11,97,226,158,118,1
26.29054021835327,161,98,67,10,126,277,198,130,1
26.313681840896606,153,84,66,10,113,253,179,131,1
26.343499660491943,141,80,62,10,110,249,182,134,1
26.3501877784729,123,73,67,10,123,278,205,132,1
26.37257170677185,111,76,68,10,120,260,216,132,1
26.396025896072388,124,78,58,10,102,226,198,125,1
26.41011357307434,128,78,61,10,97,219,198,125,1
26.43277645111084,127,74,63,10,102,227,199,112,1
26.456724405288696,127,71,58,10,86,186,164,106,1
26.470309257507324,132,77,61,11,91,194,154,106,1
26.492539405822754,137,88,67,11,117,228,167,111,1
26.515976190567017,138,99,64,11,117,228,161,103,1
26.531432151794434,135,98,62,11,119,233,163,101,1
26.55281901359558,135,107,74,11,134,262,188,118,1
26.575942039489746,130,98,70,11,127,239,176,110,1
26.598328828811646,113,86,65,11,96,197,144,100,1
26.62063980102539,121,82,68,10,102,223,161,115,1
26.635955572128296,127,83,71,10,102,209,151,116,1
26.658279180526733,125,79,58,11,86,184,129,100,1
26.673112869262695,132,87,67,10,95,209,140,115,1
26.696080684661865,125,96,71,10,103,222,147,125,1
26.718491077423096,118,96,69,11,101,200,131,110,1
26.732543468475342,110,97,72,11,98,210,142,117,1
26.755695819854736,109,96,77,11,97,205,140,124,1
26.778228282928467,119,103,77,11,99,196,138,125,1
26.792457103729248,123,94,72,11,88,186,158,130,1
26.815919637680054,116,86,67,11,86,208,169,131,1
26.838250398635864,120,80,61,11,83,197,162,125,1
26.8526611328125,128,79,55,10,87,207,166,128,1
26.875879049301147,112,62,49,10,92,211,171,127,1
26.89794111251831,112,69,54,10,99,206,155,117,1
26.91242527961731,126,78,63,10,96,174,139,119,1
26.936224699020386,122,82,71,11,113,221,185,151,1
26.958417654037476,117,83,71,11,106,207,182,145,1
26.97263264656067,120,85,70,12,88,183,168,138,1
26.995864629745483,114,80,68,12,94,205,177,134,1
27.018298387527466,104,75,63,12,100,212,178,141,1
27.032702922821045,104,72,56,11,84,169,132,114,1
27.055814027786255,118,82,59,11,83,160,118,111,1
27.080056190490723,116,83,61,11,87,169,126,114,1
27.09259819984436,122,86,62,11,71,126,99,126,1
27.116103172302246,122,87,63,10,68,125,108,119,1
27.1384437084198,119,89,65,10,66,125,113,118,1
27.15267014503479,100,77,63,11,67,129,117,121,1
27.175878763198853,107,72,60,11,73,130,114,127,1
27.198469400405884,98,78,71,11,86,146,119,119,1
27.212596654891968,97,75,70,11,98,179,130,115,1
27.235844373703003,105,82,72,11,98,178,123,107,1
27.258727550506592,109,87,74,11,102,179,119,104,1
27.272536516189575,101,86,71,11,102,187,128,117,1
27.296168327331543,108,85,63,11,94,176,129,123,1
27.318434476852417,101,86,66,11,111,203,157,132,1
27.332727670669556,107,84,60,11,110,206,162,142,1
27.35584282875061,111,81,61,11,109,208,164,146,1
27.378334760665894,110,85,63,10,110,209,158,129,1
27.39293336868286,110,79,64,11,113,213,161,127,1
27.41614866256714,111,77,62,11,90,164,129,114,1
27.438372373580933,101,72,62,11,89,164,132,107,1
27.4526469707489,98,76,67,11,89,165,140,120,1
27.475768089294434,103,73,68,10,88,159,150,134,1
27.49906039237976,100,70,68,10,88,160,144,122,1
27.520867109298706,101,76,69,10,77,150,136,126,1
27.53644847869873,103,74,73,10,79,151,126,119,1
27.558327674865723,96,66,64,10,87,173,128,100,1
27.58116602897644,89,70,61,10,82,162,106,73,1
27.59599280357361,80,73,57,10,81,165,105,76,1
27.61830759048462,97,77,62,10,81,160,99,77,1
27.648475646972656,105,84,68,10,86,173,112,82,1
27.655712366104126,110,87,70,10,72,143,93,82,1
27.678306102752686,117,83,70,10,76,154,113,90,1
27.7007954120636,123,84,71,11,70,147,116,87,1
27.71584153175354,122,76,65,11,71,153,120,84,1
27.737752437591553,120,67,56,11,72,145,113,80,1
27.76126742362976,120,68,61,10,78,160,130,84,1
27.77534770965576,124,71,59,10,77,158,123,85,1
27.798237323760986,127,84,67,10,96,188,138,104,1
27.820715188980103,127,90,67,10,102,195,145,108,1
27.835899114608765,116,91,68,10,97,191,142,109,1
27.859093189239502,118,90,65,10,103,220,164,123,1
27.88098907470703,112,90,67,10,118,244,196,136,1
27.89620614051819,105,74,59,10,106,233,193,127,1
27.918304204940796,97,66,59,10,110,239,207,138,1
27.942359447479248,113,79,59,10,123,267,224,145,1
27.955122709274292,115,75,57,10,121,252,216,141,1
27.978665351867676,110,77,64,10,113,231,190,132,1
28.00053906440735,107,81,74,10,118,223,189,130,1
28.014654636383057,98,79,69,10,115,212,166,118,1
28.038302421569824,118,75,74,10,109,184,168,140,1
28.06081748008728,118,78,79,10,109,170,150,130,1
28.075064182281494,121,76,73,10,101,158,143,130,1
28.098403692245483,123,73,66,10,107,206,184,144,1
28.120687246322632,127,73,65,10,104,209,186,141,1
28.13533091545105,103,64,56,10,96,196,162,116,1
28.158469676971436,96,63,51,10,95,195,166,115,1
28.181071519851685,95,60,53,10,92,195,162,107,1
28.19558620452881,101,78,55,10,86,160,122,88,1
28.218350410461426,106,81,57,10,84,154,120,94,1
28.240766763687134,108,92,69,10,81,156,126,102,1
28.25505828857422,107,92,68,11,77,147,119,107,1
28.279180765151978,119,99,68,11,98,182,146,123,1
28.301238775253296,116,85,61,11,94,168,132,128,1
28.315783977508545,115,86,64,11,99,172,136,128,1
28.338353633880615,114,86,59,10,97,172,138,120,1
28.361040592193604,117,83,61,10,92,167,134,125,1
28.38299584388733,109,77,60,10,73,127,102,113,1
28.39808940887451,104,75,62,10,72,132,100,105,1
28.420775651931763,105,76,65,10,65,122,88,109,1
28.435373783111572,124,73,61,11,67,116,80,121,1
28.458306074142456,119,72,58,10,71,120,86,115,1
28.48082971572876,119,78,58,11,78,143,113,118,1
28.503654956817627,125,78,56,10,72,136,118,124,1
28.518199682235718,122,76,47,10,75,142,125,120,1
28.54063606262207,96,67,45,10,75,143,121,103,1
28.563515186309814,111,73,50,10,85,182,152,110,1
28.57847309112549,113,76,54,10,94,205,163,109,1
28.600671529769897,104,78,55,10,95,205,171,113,1
28.623405933380127,119,81,66,10,93,206,173,116,1
28.638232469558716,131,89,76,10,103,222,188,128,1
28.661767721176147,131,85,75,10,98,198,166,121,1
28.68360996246338,131,85,71,10,91,179,151,118,1
28.69790506362915,148,97,76,10,100,195,152,123,1
28.721315145492554,140,90,68,10,95,188,147,115,1
28.743547916412354,132,88,59,10,89,175,146,121,1
28.758763790130615,120,86,53,10,82,165,140,119,1
28.780938148498535,122,89,58,10,91,189,155,114,1
28.803273916244507,111,78,52,10,79,167,142,106,1
28.818228006362915,100,76,52,10,83,171,144,107,1
28.84079647064209,108,73,57,10,118,223,153,95,1
28.86344885826111,116,79,62,10,120,223,154,110,1
28.886010885238647,111,70,58,10,106,185,128,109,1
28.900876760482788,111,72,57,10,107,192,127,100,1
28.923369884490967,127,88,72,10,125,222,144,113,1
28.93880343437195,124,90,71,10,89,171,123,108,1
28.961281538009644,126,93,74,10,92,178,132,101,1
28.98368740081787,131,99,76,10,104,189,140,109,1
28.99773406982422,136,105,84,10,102,184,140,113,1
29.020949363708496,127,99,74,10,82,165,135,102,1
29.050718307495117,137,102,76,10,83,164,132,102,1
29.05777645111084,142,105,73,9,87,181,143,101,1
29.081223487854004,140,102,73,9,75,179,150,95,1
29.10321307182312,134,93,66,9,83,191,160,106,1
29.117493152618408,135,86,67,9,88,185,155,111,1
29.14082431793213,131,87,63,9,95,199,168,118,1
29.163447856903076,125,80,60,10,92,193,158,120,1
29.177992820739746,125,81,62,10,100,199,155,119,1
29.20034909248352,124,83,60,10,97,188,143,110,1
29.223273515701294,120,82,58,10,101,196,146,109,1
29.237562656402588,113,72,58,10,96,188,139,100,1
29.26076626777649,148,85,62,10,104,195,144,89,1
29.283374547958374,149,86,68,10,96,182,132,90,1
29.297643899917603,144,81,66,10,97,196,142,84,1
29.320842504501343,152,93,68,10,111,218,157,88,1
29.344054698944092,150,99,79,9,120,229,174,110,1
29.358057737350464,113,92,77,10,115,225,172,115,1
29.38109278678894,115,90,70,10,120,231,178,123,1
29.403822660446167,121,93,70,10,123,222,171,127,1
29.426312685012817,125,84,67,10,107,179,145,129,1
29.44069528579712,125,83,58,10,105,176,129,132,1
29.46371626853943,126,80,57,10,109,187,132,130,1
29.493285655975342,116,86,67,10,110,177,125,127,1
29.50074815750122,117,84,69,9,112,188,137,128,1
29.52358055114746,106,86,70,9,114,223,152,120,1
29.546189785003662,99,82,67,9,102,202,144,100,1
29.561485052108765,119,87,65,10,99,191,136,97,1
29.58377432823181,124,85,64,10,98,200,142,96,1
29.60574197769165,121,88,69,10,108,207,151,121,1
29.620887756347656,118,88,67,10,110,191,149,125,1
29.643375158309937,125,95,70,10,112,213,166,127,1
29.665843725204468,103,90,77,10,109,205,166,134,1
29.68070697784424,99,94,81,9,108,225,174,133,1
29.703377723693848,179,114,82,9,104,236,181,131,1
29.725828886032104,182,112,84,9,98,238,181,127,1
29.740891695022583,185,116,92,10,99,225,165,128,1
29.763938665390015,198,120,93,10,106,237,176,129,1
29.785860776901245,204,122,90,10,104,216,174,137,1
29.80262041091919,139,101,84,10,90,183,154,116,1
29.82534170150757,136,101,87,11,98,188,168,124,1
29.845313549041748,128,90,77,11,104,191,176,122,1
29.861644744873047,130,82,72,11,102,190,169,122,1
29.883567810058594,126,70,65,11,113,234,187,129,1
29.90503215789795,126,71,69,11,123,252,196,129,1
29.92274498939514,126,76,82,11,120,246,189,127,1
29.94442319869995,135,75,82,11,113,240,180,123,1
29.96501326560974,141,84,84,11,113,237,180,125,1
29.983041763305664,132,85,85,10,105,206,164,110,1
30.00540018081665,138,88,83,10,88,175,144,106,1
30.02516531944275,154,98,70,10,80,166,138,114,1
30.042160034179688,156,99,67,10,90,186,154,125,1
30.06531310081482,145,94,70,9,91,192,175,146,1
30.085310459136963,149,88,76,9,92,183,177,157,1
30.10191512107849,140,84,75,10,94,190,179,162,1
30.124688625335693,132,67,72,10,107,202,180,151,1
30.14581060409546,129,71,77,10,101,191,174,156,1
30.167519330978394,117,65,72,10,91,171,148,130,1
30.185678005218506,114,66,61,10,88,175,136,117,1
30.20457363128662,120,73,65,10,100,190,145,114,1
30.227504014968872,121,79,69,10,93,189,141,119,1
30.245259761810303,122,84,75,10,96,192,148,104,1
30.26472496986389,119,82,76,10,96,188,142,103,1
30.287100553512573,118,95,83,10,122,225,173,110,1
30.305160999298096,111,93,84,10,115,212,167,111,1
30.325467348098755,104,89,82,11,114,204,160,111,1
30.347273588180542,97,84,75,10,115,219,167,123,1
30.363415718078613,100,91,80,10,133,249,179,128,1
30.384954690933228,99,78,73,11,106,198,140,115,1
30.40761137008667,109,84,72,11,105,196,138,116,1
30.42456030845642,102,80,68,11,99,184,131,108,1
30.445457935333252,102,84,67,11,115,207,132,99,1
30.468029260635376,101,80,59,11,99,183,123,103,1
30.49017858505249,106,83,62,11,101,190,130,110,1
30.504995584487915,99,77,59,11,108,208,139,116,1
30.527801990509033,97,73,58,11,110,211,142,122,1
30.544360637664795,111,62,54,11,84,157,116,119,1
30.5650851726532,104,57,52,10,76,142,106,110,1
30.58769392967224,114,60,62,11,93,168,133,115,1
30.604477405548096,121,64,63,11,106,192,156,112,1
30.625147104263306,133,73,68,11,104,190,159,108,1
30.647632122039795,116,73,69,11,108,197,164,103,1
30.664998292922974,131,84,78,11,116,206,170,115,1
30.685056447982788,121,77,72,11,105,185,147,103,1
30.70765256881714,128,79,72,11,90,141,124,105,1
30.724494457244873,125,75,69,11,100,167,131,116,1
30.745999574661255,135,80,72,10,96,161,127,117,1
30.7675883769989,136,79,65,10,88,147,125,123,1
30.78445863723755,156,83,59,10,90,151,129,128,1
30.80518364906311,150,83,62,10,83,150,119,117,1
30.828118801116943,146,82,66,10,86,141,123,107,1
30.84486174583435,136,75,61,10,87,151,136,114,1
30.865119218826294,123,69,61,10,90,166,132,98,1
30.887555599212646,97,64,63,11,90,174,141,103,1
30.90430212020874,90,61,60,11,93,172,143,108,1
30.924912691116333,93,63,58,11,82,158,127,114,1
30.94759440422058,94,68,68,11,80,145,106,105,1
30.96449089050293,96,77,72,11,77,137,106,99,1
30.98522925376892,91,85,87,10,89,141,113,100,1
31.00761842727661,101,88,86,10,92,154,114,103,1
31.02439785003662,105,94,97,11,123,208,143,101,1
31.045244455337524,107,93,90,11,123,210,150,104,1
31.068142890930176,121,89,89,11,123,213,158,112,1
31.091957569122314,129,81,81,11,129,239,162,111,1
31.105053424835205,134,76,80,11,130,236,165,123,1
31.12854814529419,137,66,63,10,99,200,149,126,1
31.144506692886353,131,62,65,10,100,202,146,130,1
31.164950370788574,124,62,58,10,105,214,147,129,1
31.187455415725708,118,59,46,10,77,167,127,125,1
31.204769134521484,110,56,46,10,65,161,120,116,1
31.22498345375061,102,63,55,10,73,158,126,118,1
31.249932527542114,107,66,53,10,91,191,145,113,1
31.27013874053955,97,61,54,10,81,170,135,117,1
31.285005569458008,105,68,58,10,82,170,132,112,1
31.307623624801636,110,69,59,10,85,175,136,114,1
31.33020043373108,104,62,49,10,86,172,125,109,1
31.34507179260254,102,60,50,10,69,128,105,110,1
31.369795083999634,100,61,51,10,69,123,105,103,1
31.389957427978516,104,63,53,11,74,128,114,108,1
31.404968976974487,94,68,57,11,79,129,106,100,1
31.42753577232361,91,70,58,11,70,111,98,93,1
31.450945615768433,94,72,57,11,64,107,90,101,1
31.465471506118774,104,76,60,11,86,133,119,119,1
31.48771619796753,89,71,59,11,86,131,115,116,1
31.51014256477356,92,67,54,10,77,117,112,116,1
31.525238037109375,99,73,61,10,79,120,113,120,1
31.547618627548218,106,74,63,10,84,134,122,110,1
31.570000171661377,102,74,61,10,70,125,96,87,1
31.585034608840942,102,75,63,10,65,118,88,87,1
31.60784363746643,114,78,64,10,72,135,108,89,1
31.631197929382324,114,80,57,10,80,162,113,82,1
31.64483380317688,110,87,63,10,77,153,106,84,1
31.667665719985962,108,84,66,10,78,150,104,83,1
31.690326929092407,108,80,62,11,82,167,116,82,1
31.70520830154419,106,84,68,11,83,162,111,83,1
31.728190660476685,114,84,74,10,74,135,104,86,1
31.750154733657837,116,81,72,10,83,156,118,88,1
31.765068531036377,117,80,71,10,76,146,115,90,1
31.787606954574585,116,81,72,9,76,134,109,88,1
31.809489488601685,118,78,76,10,82,135,109,95,1
31.8250949382782,104,75,77,10,81,134,109,90,1
31.847760438919067,99,78,79,10,75,122,102,86,1
31.87000012397766,106,80,77,11,74,123,102,91,1
31.884971857070923,108,81,78,11,73,120,99,100,1
31.907809019088745,107,83,75,11,65,124,105,106,1
31.93020009994507,105,77,73,11,75,144,117,109,1
31.94505476951599,122,88,73,11,67,146,115,119,1
31.96785879135132,133,90,71,10,70,153,115,126,1
31.990459203720093,138,90,74,11,70,169,121,129,1
32.004937171936035,134,96,82,11,69,160,107,119,1
32.02751326560974,151,110,86,11,81,180,111,125,1
32.05034017562866,138,99,83,11,81,165,105,117,1
32.065314292907715,126,95,85,11,80,159,104,105,1
32.08757472038269,140,104,87,11,86,155,97,107,1
32.110512018203735,138,96,76,10,96,176,105,104,1
32.125221490859985,122,77,67,11,81,143,105,113,1
32.147796630859375,120,79,75,10,87,149,108,110,1
32.171931982040405,124,89,78,10,89,154,121,117,1
32.184977531433105,105,78,73,11,87,145,118,106,1
32.20764207839966,105,82,72,10,77,120,111,108,1
32.22995901107788,113,91,79,10,76,115,99,92,1
32.25255990028381,115,92,79,10,74,115,106,93,1
32.26763987541199,115,87,80,10,78,115,99,86,1
32.292460918426514,113,87,79,10,74,123,113,86,1
32.31280994415283,109,82,76,10,69,126,115,82,1
32.327781677246094,105,73,69,10,69,131,117,80,1
32.35014891624451,107,75,64,10,67,124,106,80,1
32.372520208358765,110,72,61,11,63,120,106,83,1
32.38765048980713,111,79,64,11,66,129,106,86,1
32.410102128982544,109,75,68,11,71,128,106,81,1
32.432610273361206,106,74,68,11,78,136,105,88,1
32.44770884513855,101,71,73,11,78,137,108,87,1
32.470099687576294,98,83,71,10,77,139,105,82,1
32.49253726005554,99,79,68,10,67,114,92,78,1
32.50707149505615,122,84,66,10,90,169,116,80,1
32.5309636592865,133,85,71,10,89,169,117,82,1
32.55294609069824,137,80,62,10,90,175,122,82,1
32.56762623786926,143,73,61,10,101,201,127,95,1
32.59014391899109,137,73,69,10,111,209,138,99,1
32.61338973045349,123,73,72,10,90,167,112,100,1
32.62765955924988,119,77,67,10,86,156,108,97,1
32.65003180503845,121,76,66,10,80,147,101,102,1
32.672544717788696,111,68,66,10,77,131,114,94,1
32.68753981590271,109,64,55,10,68,130,107,91,1
32.710516691207886,108,67,54,10,70,130,111,89,1
32.73256254196167,105,63,54,10,72,133,111,85,1
32.747700214385986,103,63,53,10,70,130,109,82,1
32.77028441429138,92,68,52,10,58,121,117,115,1
32.792489528656006,100,76,54,10,53,118,117,116,1
32.80752658843994,93,72,50,11,54,112,115,118,1
32.83025336265564,82,70,44,10,50,107,115,116,1
32.85385060310364,97,82,44,10,51,110,119,114,1
32.86873245239258,120,87,47,11,45,85,82,76,1
32.890563011169434,129,88,55,11,52,85,90,96,1
32.91290879249573,137,88,54,11,51,110,103,100,1
32.927623987197876,148,91,58,12,52,115,104,102,1
32.95007944107056,136,83,60,12,52,117,101,104,1
32.97277092933655,125,79,61,11,52,128,105,113,1
32.98749780654907,145,98,70,10,56,130,97,104,1
33.010143995285034,144,102,77,10,58,117,81,100,1
33.03265333175659,139,105,76,10,64,123,83,110,1
33.047730922698975,149,110,79,10,73,136,97,117,1
33.070202589035034,151,111,79,9,81,146,107,115,1
33.093037128448486,122,89,64,10,76,140,101,106,1
33.10760283470154,121,87,60,10,75,135,102,110,1
33.13022971153259,136,86,69,10,82,160,117,119,1
33.15407347679138,135,82,70,10,83,167,122,116,1
33.167317390441895,132,82,77,10,79,151,111,115,1
33.190072774887085,139,90,85,10,87,169,126,119,1
33.21252727508545,137,90,86,10,86,172,125,112,1
33.23535418510437,115,89,83,10,86,169,118,96,1
33.25006675720215,110,91,84,10,83,148,100,90,1
33.27274823188782,106,90,81,10,83,158,105,86,1
33.29518461227417,94,82,75,10,76,139,86,82,1
33.3103666305542,93,80,71,10,78,142,83,86,1
33.332237243652344,101,78,69,11,86,153,90,88,1
33.35515308380127,88,69,61,11,85,156,93,87,1
33.37004566192627,90,64,56,12,82,147,87,83,1
33.392592430114746,95,66,53,12,81,157,97,89,1
33.41544318199158,103,71,60,12,91,165,107,97,1
33.431464195251465,103,72,64,11,70,131,94,90,1
33.45260763168335,107,73,65,11,64,125,90,85,1
33.47514772415161,106,70,61,10,68,129,91,83,1
33.48999857902527,110,72,66,10,84,144,113,86,1
33.512577295303345,107,71,69,10,75,129,105,76,1
33.53552317619324,116,76,67,10,78,122,98,87,1
33.550034046173096,115,76,71,10,86,132,104,95,1
33.572723388671875,118,82,77,10,87,133,107,102,1
33.5951886177063,119,76,73,10,76,125,96,100,1
33.60997557640076,115,72,69,11,74,120,97,101,1
33.632546186447144,109,72,65,10,75,128,102,99,1
33.6551411151886,114,76,69,10,93,158,117,105,1
33.67014670372009,111,75,68,10,89,155,120,110,1
33.69272971153259,102,75,69,11,89,148,107,104,1
33.71519470214844,101,75,70,10,92,151,107,105,1
33.730319023132324,96,71,68,10,93,154,114,103,1
33.75317716598511,83,63,59,10,65,116,94,91,1
33.77507519721985,76,60,59,11,66,122,91,79,1
33.79107165336609,87,75,64,11,61,118,92,84,1
33.81256818771362,88,74,61,11,63,139,106,94,1
33.835065841674805,83,72,64,11,60,132,96,92,1
33.85001850128174,91,79,70,11,62,130,97,99,1
33.872605085372925,108,87,75,11,62,134,105,102,1
33.89507269859314,102,74,72,11,61,129,108,97,1
33.91002655029297,101,74,69,11,55,108,98,86,1
33.93260431289673,105,83,73,11,56,102,96,94,1
33.955320835113525,109,89,78,11,60,107,100,98,1
33.97009348869324,96,83,68,10,62,99,93,94,1
33.992608308792114,98,84,70,10,89,127,93,102,1
34.01524519920349,96,84,70,10,91,128,89,99,1
34.03013491630554,91,77,68,10,97,144,96,94,1
34.05259156227112,81,64,58,10,99,160,105,83,1
34.07536578178406,92,81,76,11,104,162,108,89,1
34.08990263938904,98,85,78,11,84,139,101,89,1
34.112449407577515,124,104,93,12,87,146,116,102,1
34.135416984558105,126,109,97,11,81,136,118,108,1
34.15749907493591,133,122,108,11,82,131,119,117,1
34.173972845077515,129,110,98,10,78,136,117,118,1
34.195252895355225,140,114,97,10,86,157,136,115,1
34.218414306640625,125,98,83,9,92,168,136,111,1
34.23281121253967,137,97,75,9,90,162,133,113,1
34.255510330200195,129,77,54,9,85,158,134,111,1
34.27756643295288,137,86,61,10,83,148,139,111,1
34.300896406173706,130,84,63,10,71,124,122,115,1
34.31514382362366,128,94,69,11,58,112,114,114,1
34.337626218795776,113,91,82,11,59,111,112,111,1
34.35282826423645,118,96,84,11,56,109,105,116,1
34.37522864341736,109,88,79,11,56,109,102,124,1
34.39764070510864,91,79,73,10,62,118,103,120,1
34.41285824775696,86,66,69,10,61,106,97,118,1
34.43499398231506,80,56,49,10,58,122,98,110,1
34.45767879486084,99,76,62,10,62,139,114,100,1
34.4724006652832,110,83,64,10,60,137,110,93,1
34.49463200569153,117,85,72,10,59,131,109,88,1
34.52574062347412,127,89,72,10,60,128,108,91,1
34.53254771232605,136,93,75,10,64,124,115,97,1
34.55535054206848,139,85,70,10,71,120,117,101,1
34.57775807380676,122,80,68,10,71,119,118,94,1
34.594499349594116,117,77,59,10,68,125,116,96,1
34.61549782752991,107,75,59,10,88,176,146,100,1
34.6378288269043,103,72,61,10,94,190,152,107,1
34.65257167816162,84,61,52,10,92,187,140,98,1
34.67640972137451,92,65,51,10,91,187,137,97,1
34.69755506515503,94,66,56,10,97,194,152,111,1
34.712881565093994,104,75,60,10,81,153,125,106,1
34.73506450653076,105,87,72,10,78,135,119,105,1
34.75805044174194,99,89,73,10,71,121,110,107,1
34.77251577377319,99,88,75,10,74,130,114,109,1
34.79548740386963,102,86,71,10,69,113,94,95,1
34.81756234169006,98,81,72,10,71,115,95,99,1
34.83389687538147,101,78,66,10,74,125,102,93,1
34.85505151748657,102,84,74,11,78,129,105,98,1
34.877521991729736,119,92,84,11,84,128,105,106,1
34.89260768890381,147,98,85,11,83,135,112,119,1
34.91541767120361,159,108,86,11,79,127,108,118,1
34.937726736068726,157,104,84,10,67,107,88,111,1
34.95264291763306,163,99,78,10,66,106,85,109,1
34.97594904899597,149,86,63,10,53,90,77,100,1
34.998122692108154,127,80,63,10,53,90,72,81,1
35.01297092437744,110,74,53,10,50,95,74,71,1
35.03517770767212,119,75,48,10,47,98,74,74,1
35.05770492553711,121,81,46,10,45,96,79,85,1
35.07272243499756,123,84,50,11,53,120,100,104,1
35.09533095359802,116,82,50,11,47,117,103,110,1
35.117570877075195,113,75,57,11,51,119,106,116,1
35.14079475402832,110,81,65,11,59,125,113,120,1
35.15511655807495,95,73,63,10,60,121,111,113,1
35.17770314216614,94,70,63,10,54,99,98,103,1
35.200560331344604,95,74,68,10,56,88,91,99,1
35.224112033843994,95,71,61,10,52,78,85,92,1
35.23768091201782,99,78,60,10,61,98,93,84,1
35.26848292350769,99,83,64,10,61,99,92,79,1
35.2749559879303,94,81,64,10,73,122,103,73,1
35.29766774177551,98,76,61,10,76,133,108,69,1
35.32090878486633,102,78,63,11,81,134,109,79,1
35.33519721031189,90,59,55,11,70,114,96,81,1
35.35715842247009,97,57,53,12,69,117,93,84,1
35.38046193122864,99,61,54,12,60,103,81,80,1
35.39453649520874,98,67,54,11,60,105,86,86,1
35.4175078868866,92,68,62,11,60,107,83,81,1
35.4408278465271,89,74,67,11,62,111,84,92,1
35.45513081550598,84,72,69,11,63,120,94,99,1
35.47753310203552,91,72,70,10,64,127,94,102,1
35.501686811447144,85,69,68,10,59,113,79,100,1
35.51514029502869,88,70,64,10,55,116,81,100,1
35.53759288787842,91,65,63,9,56,116,79,91,1
35.560922145843506,91,61,59,9,53,109,73,86,1
35.57516574859619,85,59,61,10,50,95,73,96,1
35.597843647003174,87,65,67,10,59,108,81,95,1
35.620869636535645,88,61,66,10,60,106,80,97,1
35.63542652130127,92,69,80,11,72,115,95,110,1
35.65751934051514,92,70,80,10,75,123,94,105,1
35.68105483055115,96,70,77,11,79,141,107,94,1
35.69538450241089,96,68,72,11,75,133,105,94,1
35.71799445152283,95,67,69,10,74,131,111,111,1
35.7410683631897,85,58,48,10,60,125,104,101,1
35.7549569606781,90,64,50,10,54,114,104,105,1
35.777437925338745,91,63,53,10,50,102,90,101,1
35.80115795135498,96,65,56,10,48,105,86,108,1
35.81532835960388,98,69,62,10,49,113,83,96,1
35.83753418922424,102,75,68,10,58,132,91,102,1
35.861430406570435,105,73,71,11,72,155,105,102,1
35.875152349472046,113,77,75,11,74,156,108,105,1
35.89781928062439,117,80,75,11,76,159,112,108,1
35.92074656486511,117,80,75,12,89,184,131,104,1
35.93500304222107,133,87,74,11,99,204,141,97,1
35.95765781402588,131,87,71,11,96,198,134,96,1
35.98075199127197,127,84,65,11,97,209,147,110,1
35.995145082473755,123,79,64,11,117,235,172,107,1
36.017584562301636,124,77,66,11,119,233,172,113,1
36.04080772399902,108,73,73,11,111,211,166,115,1
36.06333017349243,109,76,73,11,106,201,166,115,1
36.07761096954346,104,78,74,11,106,206,171,122,1
36.10078978538513,106,79,74,11,97,204,165,131,1
36.12324929237366,109,96,88,11,96,204,161,128,1
36.13759732246399,109,89,81,10,98,206,162,130,1
36.16249704360962,105,87,85,11,99,209,163,131,1
36.183356523513794,101,91,90,11,101,200,150,121,1
36.19803762435913,109,94,97,11,107,209,152,110,1
36.2208833694458,114,83,86,10,101,195,147,102,1
36.243826150894165,118,87,88,11,109,207,156,107,1
36.257670402526855,118,83,83,10,113,222,165,104,1
36.28111171722412,117,75,75,10,108,217,163,94,1
36.30334162712097,104,73,65,10,93,193,148,90,1
36.31756544113159,99,70,63,10,100,211,154,96,1
36.34103727340698,113,82,70,10,92,190,133,95,1
36.36327838897705,119,89,73,11,85,170,117,98,1
36.37757921218872,138,100,81,11,97,186,137,121,1
36.40139651298523,150,108,86,12,100,190,149,127,1
36.42358660697937,151,108,87,12,88,169,143,125,1
36.43761587142944,134,94,75,11,79,164,140,115,1
36.46099853515625,126,91,75,11,80,164,145,113,1
36.483551025390625,113,84,71,10,75,154,136,94,1
36.49755597114563,90,78,69,10,87,162,127,97,1
36.52085471153259,80,75,64,10,85,152,117,97,1
36.54331994056702,86,78,72,10,88,153,122,105,1
36.55816078186035,107,80,70,10,90,155,120,107,1
36.580886125564575,106,78,67,10,85,148,109,104,1
36.6033296585083,107,69,63,11,78,128,96,92,1
36.617534160614014,106,68,63,11,77,127,95,94,1
36.64091420173645,103,62,56,11,77,132,96,96,1
36.66330528259277,85,61,61,11,84,141,104,97,1
36.677653551101685,79,57,65,12,86,147,105,103,1
36.70090961456299,86,57,66,11,73,137,108,112,1
36.723347902297974,85,62,74,11,80,154,118,107,1
36.737494468688965,93,69,74,11,90,170,129,110,1
36.76085543632507,104,74,73,11,83,158,120,106,1
36.78325319290161,111,78,72,10,81,146,118,100,1
36.79755973815918,106,80,72,10,82,144,120,91,1
36.8209764957428,103,74,62,10,78,132,115,92,1
36.8433153629303,94,65,60,11,76,119,104,88,1
36.85803437232971,83,61,66,11,88,146,133,106,1
36.8818564414978,92,62,65,11,91,179,148,116,1
36.903260469436646,106,58,62,11,98,202,159,132,1
36.9176082611084,112,65,63,11,129,275,198,133,1
36.94103956222534,124,71,70,11,135,303,222,137,1
36.963531732559204,126,70,64,10,135,306,215,134,1
36.97749304771423,116,80,70,11,141,305,225,145,1
37.00080370903015,117,84,76,10,147,310,232,131,1
37.02339315414429,112,83,79,10,122,255,209,135,1
37.04589009284973,122,91,85,10,119,235,189,123,1
37.06081557273865,120,90,84,10,111,223,181,121,1
37.08360981941223,121,75,78,10,99,196,151,97,1
37.10568141937256,121,79,77,10,79,162,121,97,1
37.12064599990845,125,77,75,10,84,154,112,88,1
37.14363169670105,117,75,67,10,67,130,102,88,1
37.16565918922424,128,77,63,10,79,153,130,81,1
37.18067288398743,136,93,79,10,87,170,147,92,1
37.203678369522095,129,87,72,10,87,168,147,95,1
37.22614240646362,128,85,70,10,84,177,147,100,1
37.24082899093628,120,82,80,10,89,176,147,106,1
37.26330852508545,132,80,88,10,117,192,146,117,1
37.285873889923096,127,71,82,10,112,185,139,117,1
37.30131483078003,138,90,93,10,120,193,146,126,1
37.32338857650757,138,93,93,10,117,183,142,130,1
37.34633183479309,146,91,83,10,117,189,155,139,1
37.360795974731445,130,103,91,10,92,156,137,131,1
37.383992433547974,128,102,86,10,95,169,142,130,1
37.40536546707153,114,85,73,11,91,169,140,116,1
37.41967558860779,135,94,82,11,103,215,162,110,1
37.44320464134216,124,95,86,10,103,208,153,102,1
37.466195583343506,127,84,72,11,103,211,163,110,1
37.48010540008545,123,80,71,10,103,197,151,106,1
37.50347304344177,136,91,72,10,103,196,152,112,1
37.52570962905884,134,82,64,10,112,207,160,118,1
37.54033589363098,139,87,67,10,112,209,161,119,1
37.56328630447388,147,101,75,10,102,206,161,125,1
37.58536744117737,163,113,76,11,104,225,167,123,1
37.600510358810425,158,109,82,10,114,242,175,142,1
37.6229453086853,152,107,81,10,105,230,167,138,1
37.64615774154663,145,102,84,10,133,301,212,137,1
37.66087746620178,124,84,77,10,132,293,199,121,1
37.68337631225586,100,64,75,10,134,287,198,124,1
37.70620059967041,104,72,81,10,151,303,226,118,1
37.72012233734131,86,68,82,10,146,278,213,121,1
37.7434344291687,94,68,73,10,121,196,166,120,1
37.76620817184448,104,73,74,10,142,247,212,136,1
37.780073165893555,118,80,78,10,141,248,214,140,1
37.803301095962524,114,76,65,10,112,207,177,124,1
37.826690435409546,116,80,65,10,112,210,183,125,1
37.840020418167114,115,77,60,10,107,210,185,124,1
37.86351490020752,110,76,62,10,86,159,142,111,1
37.88593363761902,102,72,59,10,99,189,167,120,1
37.90014100074768,103,73,64,10,101,190,165,122,1
37.9235622882843,110,76,64,10,112,199,166,128,1
37.945945262908936,103,80,71,10,116,207,167,133,1
37.96841216087341,102,75,67,10,109,198,156,129,1
37.983304500579834,97,75,69,10,89,151,116,111,1
38.00575304031372,92,67,65,10,86,149,114,111,1
38.02832055091858,95,71,68,10,66,142,102,109,1
38.043338775634766,105,76,68,10,64,139,107,101,1
38.0658905506134,118,78,66,10,70,144,111,104,1
38.09018397331238,125,86,68,10,86,197,156,112,1
38.10338473320007,122,86,69,10,91,202,164,108,1
38.126155376434326,113,78,65,10,99,210,161,98,1
38.14851188659668,113,69,58,10,108,248,167,104,1
38.16325807571411,108,74,64,10,117,267,186,115,1
38.185667991638184,125,68,63,10,117,250,175,134,1
38.20825934410095,130,71,62,9,119,265,174,145,1
38.22335696220398,138,79,72,9,120,269,193,153,1
38.24597477912903,145,97,82,9,122,257,195,158,1
38.2682523727417,140,93,79,10,111,242,181,152,1
38.28332209587097,132,92,76,9,105,244,187,155,1
38.30535840988159,147,102,86,10,119,253,214,154,1
38.3281786441803,164,120,105,10,136,278,234,171,1
38.343669176101685,167,113,103,10,136,276,247,167,1
38.36575436592102,171,113,106,10,139,278,256,168,1
38.38770341873169,217,133,112,10,154,306,276,173,1
38.40272665023804,329,201,119,10,174,377,292,218,1
38.425689935684204,334,200,115,10,161,349,261,217,1
38.44839859008789,399,233,123,10,161,353,273,275,1
38.4626042842865,433,251,127,10,188,395,281,288,1
38.486175298690796,456,248,124,10,230,496,325,311,1
38.50834774971008,444,229,130,10,300,588,420,293,1
38.522708892822266,441,229,124,10,308,611,444,301,1
38.545878887176514,413,207,112,10,318,634,452,269,1
38.56867456436157,386,192,115,10,306,614,449,252,1
38.5905499458313,353,200,119,10,273,528,399,207,1
38.60538959503174,272,162,98,9,175,368,273,192,1
38.6285355091095,306,182,97,10,182,382,259,162,1
38.642902851104736,322,192,104,10,172,363,262,163,1
38.66575384140015,397,231,101,10,203,436,310,219,1
38.68782138824463,404,233,93,10,211,456,325,239,1
38.702677965164185,414,245,106,10,237,515,367,266,1
38.725810289382935,412,234,104,10,245,524,367,276,1
38.74852418899536,426,232,101,11,264,574,380,275,1
38.7627477645874,412,228,96,10,250,535,350,240,1
38.785768270492554,458,247,104,10,246,525,342,279,1
38.808597803115845,515,251,92,10,246,488,301,253,1
38.82282829284668,530,253,87,10,265,503,345,268,1
38.84585237503052,506,268,90,10,266,484,338,282,1
38.86861491203308,559,277,98,10,286,541,380,341,1
38.882877588272095,512,257,90,10,295,578,416,309,1
38.905874252319336,468,268,92,10,290,601,467,338,1
38.92830467224121,434,259,84,10,265,590,435,336,1
38.95073199272156,432,236,81,10,256,575,425,321,1
38.96611523628235,332,199,80,10,236,541,406,263,1
38.98790907859802,343,188,91,10,241,520,395,253,1
39.01042556762695,329,174,108,10,303,654,474,249,1
39.0258092880249,332,175,113,10,305,637,478,236,1
39.048426151275635,407,223,124,10,336,714,539,360,1
39.070812463760376,410,223,127,10,340,711,535,392,1
39.08580493927002,411,234,135,10,352,726,551,400,1
39.10826373100281,443,242,125,10,287,580,443,413,1
39.1314492225647,490,257,131,10,318,654,472,425,1
39.14585566520691,484,220,116,10,283,590,404,343,1
39.169758319854736,509,227,112,10,311,653,456,340,1
39.190791606903076,556,243,97,10,304,658,442,343,1
39.20600605010986,551,243,97,10,323,707,484,314,1
39.228271484375,539,242,97,10,283,622,445,300,1
39.250407457351685,502,256,97,10,277,592,437,290,1
39.26591086387634,480,271,91,10,260,587,442,244,1
39.28824210166931,450,287,95,10,236,537,417,256,1
39.31129050254822,435,291,95,10,209,466,370,240,1
39.32609677314758,461,304,94,10,235,504,383,268,1
39.34816789627075,437,290,97,10,230,480,365,245,1
39.37077522277832,417,283,98,10,188,350,254,256,1
39.385146141052246,388,247,89,10,191,372,260,238,1
39.40853548049927,383,219,81,10,183,343,233,240,1
39.430999755859375,316,197,75,10,154,304,218,228,1
39.445149660110474,332,202,79,10,188,370,274,243,1
39.46785593032837,337,168,99,9,255,530,395,264,1
39.49024152755737,313,170,100,10,252,527,392,249,1
39.50513768196106,303,169,108,10,263,555,421,269,1
39.52844858169556,358,205,118,9,272,566,428,254,1
39.55111336708069,387,238,120,10,243,519,394,257,1
39.566181659698486,370,240,103,10,182,388,286,245,1
39.58819627761841,385,244,104,10,173,356,261,239,1
39.61082220077515,398,253,108,10,171,357,244,221,1
39.6251482963562,345,221,114,10,166,341,256,234,1
39.64813828468323,292,173,117,10,178,369,268,217,1
39.67096304893494,277,175,115,11,175,374,300,215,1
39.68505144119263,251,158,116,11,203,417,335,239,1
39.70825457572937,208,141,108,11,202,424,328,228,1
39.730401277542114,177,143,89,11,192,427,314,191,1
39.75267052650452,149,155,77,11,189,413,313,195,1
39.769415616989136,188,154,84,11,207,438,320,194,1
39.79095649719238,245,160,93,11,238,439,333,170,1
39.81257891654968,247,153,101,11,240,414,348,188,1
39.83173155784607,286,150,101,11,247,418,356,199,1
39.851706981658936,289,137,105,11,242,410,348,193,1
39.87303590774536,275,128,99,11,218,345,306,174,1
39.88926863670349,233,140,89,11,196,408,339,192,1
39.9109833240509,232,138,76,11,200,437,348,203,1
39.93250775337219,213,137,77,11,191,453,351,225,1
39.949893951416016,225,143,81,11,193,457,353,230,1
39.970035791397095,235,155,81,11,197,468,362,231,1
39.99263668060303,271,151,81,10,153,377,282,235,1
40.01038074493408,279,156,81,11,123,317,230,228,1
40.03035569190979,252,147,84,10,138,307,225,211,1
40.05303883552551,290,145,73,10,150,359,252,226,1
40.06928205490112,284,146,76,10,140,342,234,222,1
40.09003448486328,268,162,92,11,154,353,253,209,1
40.112507820129395,269,167,92,10,155,362,258,199,1
40.130030155181885,287,168,82,11,135,323,224,188,1
40.14971113204956,236,160,82,10,137,309,219,170,1
40.17215037345886,220,152,85,10,141,308,228,167,1
40.189351320266724,189,127,63,9,128,282,208,152,1
40.217790842056274,176,128,60,9,137,282,199,135,1
40.232935428619385,139,120,63,9,130,275,198,133,1
40.24942326545715,132,119,67,10,104,230,171,114,1
40.27000331878662,144,128,77,11,122,251,190,137,1
40.292603969573975,155,128,74,11,115,240,185,142,1
40.30933880805969,152,118,76,12,119,247,192,158,1
40.33010292053223,152,117,84,12,123,240,193,159,1
40.35262751579285,175,146,94,12,131,232,196,178,1
40.36982607841492,195,146,83,11,118,221,189,161,1
40.390158891677856,192,144,92,11,154,279,222,161,1
40.412636518478394,189,163,93,11,149,277,218,147,1
40.4294970035553,185,161,84,10,145,278,216,136,1
40.45157051086426,193,147,71,10,138,266,205,120,1
40.47221827507019,183,141,72,10,149,280,210,123,1
40.48968029022217,188,170,69,10,114,247,190,122,1
40.50999736785889,186,155,68,10,98,212,173,121,1
40.53332448005676,198,154,67,11,99,208,175,137,1
40.54929566383362,202,157,71,11,115,242,196,138,1
40.57001256942749,190,152,71,11,93,220,176,132,1
43.21695256233215,64,61,96,10,89,34,35,52,2
43.24001455307007,66,62,100,10,92,34,35,54,2
43.25542616844177,68,63,104,10,82,34,36,53,2
43.2774932384491,65,52,103,10,84,30,34,49,2
43.300336837768555,67,57,110,10,91,29,35,49,2
43.31678867340088,62,56,103,11,92,29,35,48,2
43.33801984786987,79,61,98,10,93,34,37,50,2
43.36013460159302,87,62,102,10,93,34,35,55,2
43.375226736068726,89,62,103,10,98,35,34,56,2
43.39794898033142,88,59,88,10,97,36,31,55,2
43.419774770736694,81,57,95,10,90,34,26,49,2
43.43475604057312,82,50,103,10,100,33,27,45,2
43.45765399932861,79,53,94,10,99,37,29,43,2
43.48187470436096,78,55,94,10,91,36,30,46,2
43.49520969390869,74,51,98,11,79,34,29,43,2
43.51772999763489,75,53,91,10,74,34,31,46,2
43.5401349067688,65,61,80,10,58,34,33,59,2
43.555097818374634,56,63,77,11,60,33,34,60,2
43.577603578567505,54,59,70,11,72,35,33,56,2
43.60032248497009,54,58,64,11,72,34,34,56,2
43.61538219451904,58,59,72,11,75,35,34,57,2
43.63776087760925,55,53,72,11,83,32,29,44,2
43.660330057144165,57,44,65,10,79,29,26,39,2
43.682767152786255,59,50,65,10,65,27,28,44,2
43.697627782821655,62,55,64,10,67,27,31,48,2
43.72043991088867,59,53,51,9,65,29,37,49,2
43.74273133277893,61,51,47,10,50,31,41,50,2
43.75756478309631,70,63,51,10,61,34,46,59,2
43.780168294906616,73,61,50,11,67,37,46,59,2
43.80267405509949,72,56,52,11,67,36,42,56,2
43.825841426849365,68,54,60,11,65,35,40,56,2
43.840028047561646,61,54,72,11,66,35,38,58,2
43.86251902580261,62,49,73,11,54,34,34,50,2
43.87776231765747,61,49,77,10,51,33,34,54,2
43.90008759498596,61,53,76,10,60,33,33,53,2
43.92278337478638,69,61,81,10,63,34,30,54,2
43.93813967704773,82,68,76,10,63,36,33,55,2
43.96048164367676,77,65,75,10,68,38,32,60,2
43.98270130157471,75,66,80,10,67,35,32,54,2
43.99759125709534,75,63,79,10,61,37,33,61,2
44.020479679107666,69,56,73,10,65,37,34,57,2
44.043057918548584,62,55,76,10,79,37,33,60,2
44.05753827095032,63,53,76,10,84,34,35,57,2
44.08102560043335,62,57,74,10,85,38,38,59,2
44.10253190994263,73,74,80,10,88,42,42,69,2
44.12006735801697,73,76,80,10,93,43,45,70,2
44.14006018638611,66,73,73,10,92,40,42,64,2
44.16316556930542,59,73,75,10,94,39,40,62,2
44.17771315574646,74,89,80,10,100,45,44,80,2
44.20038986206055,81,85,78,9,97,42,43,75,2
44.2222261428833,83,84,77,10,84,40,44,74,2
44.237131118774414,85,83,79,10,80,39,43,74,2
44.26030516624451,89,87,86,10,71,40,43,74,2
44.28263473510742,74,66,72,10,61,28,36,51,2
44.2975594997406,60,55,69,10,63,28,36,43,2
44.32001495361328,68,78,90,11,63,35,38,64,2
44.34273052215576,70,85,91,11,58,40,42,73,2
44.35861301422119,69,82,83,11,67,40,42,71,2
44.380085468292236,76,83,87,11,82,41,42,72,2
44.40249991416931,77,92,90,11,85,39,40,72,2
44.42592406272888,72,74,72,10,89,32,35,60,2
44.44036531448364,69,64,70,10,96,27,32,50,2
44.462241649627686,77,64,68,10,88,28,36,53,2
44.47693967819214,72,62,64,10,79,28,36,53,2
44.50023055076599,74,50,58,10,75,33,36,62,2
44.52250123023987,72,46,54,10,71,31,35,55,2
44.53754997253418,87,47,57,10,59,35,36,57,2
44.56101393699646,83,52,62,11,72,39,35,61,2
44.58291697502136,100,51,58,11,67,39,34,61,2
44.60591745376587,113,49,60,11,67,36,30,50,2
44.62001657485962,133,54,60,10,64,40,32,54,2
44.64272451400757,125,61,73,10,68,37,30,52,2
44.66571879386902,122,63,87,9,60,31,28,46,2
44.688177824020386,113,63,89,9,63,32,29,49,2
44.70258355140686,99,62,92,10,76,31,29,50,2
44.72517967224121,74,66,96,10,85,30,29,51,2
44.74029469490051,76,64,84,10,81,31,31,53,2
44.762707471847534,73,60,71,10,77,32,31,52,2
44.785924673080444,68,61,72,10,73,31,30,49,2
44.800312995910645,67,68,72,10,60,33,32,59,2
44.82297158241272,73,72,83,10,69,35,36,69,2
44.845861196517944,78,75,85,10,82,35,36,72,2
44.860111951828,81,77,84,10,89,37,37,73,2
44.88252520561218,87,80,83,11,90,38,39,81,2
44.906113386154175,87,82,92,10,91,43,45,79,2
44.920127630233765,78,75,79,10,82,42,43,74,2
44.94254803657532,76,70,76,10,67,42,44,72,2
44.96587109565735,81,78,101,10,74,48,46,77,2
44.98054480552673,77,84,109,10,79,52,46,73,2
45.0027801990509,84,82,102,10,81,51,48,74,2
45.02606153488159,87,79,104,10,77,50,50,75,2
45.04099130630493,89,92,121,9,84,50,51,81,2
45.06267499923706,85,84,102,10,73,43,49,75,2
45.08597254753113,82,75,92,10,67,38,46,70,2
45.1001513004303,74,71,99,10,75,34,37,63,2
45.12283968925476,79,78,100,10,88,35,35,63,2
45.14537572860718,68,63,87,10,95,37,33,55,2
45.16002321243286,70,64,87,10,94,38,34,58,2
45.183797121047974,73,68,94,10,94,39,36,61,2
45.20586585998535,69,66,86,10,82,39,37,63,2
45.220552921295166,74,71,97,10,77,39,43,68,2
45.24273180961609,75,70,106,10,74,41,44,70,2
45.26592993736267,84,79,106,10,78,45,51,79,2
45.28030800819397,84,81,108,10,80,46,50,77,2
45.302589893341064,84,83,122,11,89,44,49,73,2
45.325947523117065,76,73,114,11,90,40,41,62,2
45.34001111984253,80,75,104,11,79,35,38,58,2
45.362550497055054,78,69,103,11,73,28,31,47,2
45.3860125541687,71,60,97,11,71,26,31,47,2
45.400511503219604,68,54,81,10,69,25,30,45,2
50.44007205963135,126,62,100,11,173,36,37,61,2
50.457573652267456,129,67,119,11,204,45,41,59,2
50.477888107299805,131,67,128,10,198,44,40,55,2
50.50014591217041,130,68,141,10,207,43,41,57,2
50.51710486412048,105,62,142,10,215,45,40,56,2
50.53762340545654,71,61,145,10,208,44,38,58,2
50.560431480407715,67,58,135,10,159,37,33,53,2
50.576942920684814,54,54,121,10,145,35,30,52,2
50.59786820411682,58,54,122,10,148,36,28,51,2
50.6203088760376,98,72,144,10,148,40,32,56,2
50.63697123527527,105,67,142,10,141,38,32,53,2
50.657371520996094,110,64,143,10,145,37,31,51,2
50.67963266372681,113,63,143,10,135,36,32,50,2
50.69779396057129,119,78,134,10,123,38,35,58,2
50.71780467033386,96,69,111,10,116,37,36,61,2
50.739747524261475,86,70,117,10,124,37,36,58,2
50.75754189491272,77,69,112,10,127,37,36,58,2
50.777581214904785,81,72,106,11,128,40,40,67,2
50.807668685913086,84,71,95,11,120,41,40,73,2
50.81713652610779,96,64,98,11,142,37,36,65,2
50.83747434616089,102,63,98,11,145,38,33,67,2
50.860013484954834,103,71,100,11,142,41,34,68,2
50.877437114715576,102,74,101,10,138,39,32,62,2
50.89750623703003,92,58,116,10,140,36,29,44,2
50.92061924934387,78,65,111,10,117,39,32,54,2
50.93757104873657,81,81,143,10,126,42,41,65,2
50.95770883560181,78,79,152,10,122,41,42,69,2
50.98005127906799,75,76,150,10,122,40,40,65,2
50.99708676338196,73,77,137,11,130,42,41,67,2
51.01793050765991,72,81,149,11,119,40,41,66,2
51.040262937545776,64,68,119,11,99,35,37,58,2
51.057225942611694,95,65,113,11,104,36,36,54,2
51.0775089263916,119,66,114,10,95,35,35,57,2
51.09997582435608,121,64,114,10,81,32,33,55,2
51.11698579788208,118,58,97,10,81,30,35,49,2
51.13783502578735,142,60,88,10,78,30,35,49,2
51.16000247001648,135,60,72,10,59,27,34,48,2
51.17888617515564,119,67,76,10,84,30,37,55,2
51.19762468338013,126,78,76,10,79,40,43,66,2
51.22057271003723,128,79,85,10,82,43,39,66,2
51.243136167526245,131,77,94,10,84,44,37,63,2
51.25927424430847,128,76,100,10,100,45,36,67,2
51.28000330924988,123,67,96,11,94,44,32,62,2
51.302053689956665,113,66,98,11,91,41,29,59,2
51.31747841835022,139,68,94,11,113,39,29,59,2
51.340559005737305,116,67,96,11,118,37,30,58,2
51.362749099731445,106,66,88,11,110,35,30,51,2
51.37753939628601,111,81,102,11,108,38,34,57,2
51.40012741088867,127,82,111,11,114,38,34,57,2
51.42259120941162,104,77,105,11,98,38,33,56,2
51.439796686172485,102,83,104,11,96,41,36,60,2
51.46011829376221,119,112,141,11,137,56,46,89,2
51.48251509666443,134,105,137,10,145,58,47,90,2
51.50502896308899,122,96,127,10,143,55,43,86,2
51.52002429962158,142,99,128,10,140,56,46,93,2
51.542515993118286,145,97,124,10,135,53,43,91,2
51.557591676712036,140,64,87,10,89,40,33,69,2
51.58007001876831,152,68,82,10,67,38,36,69,2
51.60274863243103,162,68,84,10,71,37,36,70,2
51.61750411987305,170,63,93,10,101,37,33,63,2
51.64003872871399,181,66,95,10,105,36,32,62,2
51.66245198249817,175,64,93,10,108,36,34,58,2
51.67742657661438,152,56,86,10,108,32,27,48,2
51.700212717056274,142,60,80,9,103,32,28,49,2
51.73107552528381,112,99,138,10,115,45,48,83,2
51.73743677139282,91,101,141,10,117,49,52,89,2
51.760031938552856,114,102,137,10,113,47,51,90,2
51.7825071811676,137,108,146,11,114,48,53,96,2
51.79775834083557,133,115,156,11,127,51,58,99,2
51.81970691680908,125,83,108,11,92,39,44,70,2
51.842512369155884,135,75,112,11,93,37,43,64,2
51.85748887062073,148,82,121,11,96,41,45,65,2
51.880313873291016,126,79,115,10,96,43,46,60,2
51.90250086784363,129,75,104,10,98,42,43,62,2
51.917516231536865,146,94,110,11,105,46,46,71,2
51.94027018547058,168,94,98,10,100,47,45,70,2
51.96250009536743,149,100,94,10,97,47,47,79,2
51.977872133255005,151,95,94,10,104,46,44,75,2
52.00015902519226,154,92,112,10,123,44,42,68,2
52.022812843322754,169,75,97,10,126,40,40,68,2
52.037808656692505,153,78,98,10,131,38,38,75,2
52.06007981300354,150,68,92,10,136,34,36,67,2
52.082671880722046,163,67,87,10,132,34,35,65,2
52.097386598587036,195,70,64,10,94,33,36,76,2
52.11999201774597,176,70,67,10,87,33,36,78,2
52.14248061180115,172,85,81,11,95,38,43,83,2
52.165082693099976,190,84,85,11,98,42,45,82,2
52.18022918701172,181,82,83,11,96,43,47,83,2
52.20270490646362,147,79,84,10,103,44,47,78,2
52.22679042816162,155,87,98,10,99,48,49,75,2
52.242013692855835,146,69,89,10,84,44,43,66,2
52.26254487037659,127,67,93,10,94,42,39,68,2
52.28503108024597,147,68,100,10,98,42,37,66,2
52.300047397613525,144,69,100,11,95,40,35,65,2
52.3225371837616,134,65,94,11,105,40,34,67,2
52.345587491989136,140,70,99,11,107,44,36,70,2
52.3601336479187,154,80,90,11,88,42,40,72,2
52.38339829444885,133,79,87,11,81,38,38,73,2
52.40571689605713,134,75,90,11,82,38,38,71,2
52.42013382911682,125,66,83,10,80,33,35,61,2
52.44275736808777,159,66,73,10,80,28,32,54,2
52.46519327163696,144,55,72,10,83,27,29,51,2
52.4795036315918,148,61,70,10,83,28,30,55,2
52.50204563140869,164,67,67,10,89,31,32,58,2
52.5249969959259,177,67,62,10,77,31,31,61,2
52.5398964881897,140,61,63,9,75,32,31,58,2
52.56248641014099,134,59,73,10,79,34,30,55,2
52.58536767959595,142,53,78,9,87,35,30,51,2
52.600064516067505,122,50,78,9,78,35,32,49,2
52.622536182403564,99,53,82,9,82,34,34,49,2
52.64508581161499,110,56,98,10,90,35,36,51,2
52.660125494003296,130,55,96,9,82,33,36,51,2
52.68274974822998,117,64,92,9,78,36,37,56,2
52.70506024360657,118,60,96,10,95,35,35,55,2
52.71997785568237,152,61,104,10,99,38,33,52,2
52.75090432167053,149,56,92,9,90,36,30,51,2
52.76501441001892,130,60,90,10,102,41,30,48,2
52.78021502494812,143,70,104,10,130,38,35,55,2
52.8027777671814,152,75,114,10,133,40,35,58,2
52.825074911117554,121,73,110,10,130,36,35,57,2
52.84005045890808,118,86,117,10,139,42,41,63,2
52.862709045410156,127,92,125,10,130,42,44,71,2
52.88558053970337,123,78,117,10,104,40,40,60,2
52.90021228790283,108,76,102,11,88,39,40,56,2
52.93839383125305,108,75,95,11,88,40,42,58,2
52.945191860198975,101,62,85,10,74,34,37,50,2
52.96056580543518,109,49,71,10,84,31,32,39,2
52.982542276382446,98,48,73,10,84,30,32,42,2
53.00507116317749,114,46,76,10,85,30,28,41,2
53.02014517784119,117,47,85,11,97,29,26,44,2
53.043251514434814,120,46,82,11,104,29,26,48,2
53.06508421897888,118,50,79,11,99,29,27,54,2
53.08018136024475,119,54,81,11,100,38,30,57,2
53.102768421173096,110,62,89,11,99,39,32,60,2
53.125062465667725,107,65,93,10,93,39,33,57,2
53.147804975509644,138,94,101,10,89,44,41,69,2
53.162250995635986,131,100,103,10,86,44,41,72,2
53.185173988342285,127,99,96,10,80,39,40,72,2
53.207565784454346,119,95,107,10,99,38,40,72,2
53.22257089614868,123,98,107,10,99,40,43,76,2
53.24453854560852,90,71,111,10,98,36,37,63,2
53.26765322685242,88,57,111,10,102,34,36,54,2
53.290834188461304,90,58,114,11,125,34,36,54,2
53.30545139312744,100,61,100,11,126,37,37,59,2
53.32756543159485,145,53,91,11,120,34,33,59,2
53.3426616191864,159,58,80,11,121,31,31,60,2
53.36514449119568,156,60,76,11,121,30,33,63,2
53.38759708404541,153,63,85,10,108,29,30,57,2
53.4026665687561,144,57,90,10,101,26,26,51,2
53.42594909667969,113,57,93,10,110,25,27,48,2
53.44758415222168,114,59,110,10,114,27,29,54,2
53.462671756744385,114,60,112,10,116,29,27,52,2
53.484957695007324,114,55,99,9,110,28,27,56,2
53.50764775276184,123,57,110,10,114,27,32,59,2
53.52283263206482,132,74,140,10,122,31,31,61,2
53.546199321746826,110,70,128,9,119,32,29,52,2
53.56776785850525,109,69,129,10,119,31,31,53,2
53.5831561088562,123,74,134,9,126,34,31,57,2
53.60514712333679,125,75,123,10,110,36,32,56,2
53.62753987312317,129,75,89,10,90,35,35,63,2
53.64251685142517,131,79,103,10,92,35,35,66,2
53.66537928581238,143,80,115,10,88,35,34,70,2
53.687273025512695,152,76,111,10,83,32,36,64,2
53.70219373703003,149,77,109,10,85,31,35,66,2
53.72545528411865,123,60,107,10,88,29,31,55,2
53.74782919883728,162,64,91,10,79,29,33,61,2
53.76216387748718,158,63,70,10,77,30,32,57,2
53.784796714782715,140,66,71,11,70,31,31,58,2
53.807661056518555,139,66,70,11,89,32,30,56,2
53.82249307632446,153,72,69,11,90,31,31,56,2
53.84520196914673,135,69,68,11,93,32,32,49,2
53.86699652671814,129,71,71,11,100,31,34,51,2
53.883509159088135,129,69,67,11,114,33,33,52,2
53.905517578125,150,79,71,10,103,34,34,46,2
53.92759418487549,142,78,77,10,103,38,38,50,2
53.94253420829773,124,77,78,10,104,39,39,53,2
53.96526312828064,128,79,84,10,100,42,41,55,2
53.98753333091736,135,78,87,10,101,39,41,52,2
54.002527952194214,113,70,90,11,89,38,39,56,2
54.02618598937988,102,65,78,11,86,34,35,54,2
54.04799032211304,145,67,82,11,82,29,32,56,2
54.06259489059448,164,67,78,11,83,25,32,57,2
54.0850555896759,164,70,81,10,71,31,36,64,2
54.10801935195923,187,70,76,11,73,29,37,65,2
54.13015604019165,188,75,100,10,104,33,39,68,2
54.14505314826965,151,68,102,10,117,37,39,69,2
54.167611837387085,129,61,101,10,120,38,37,67,2
54.19018912315369,141,57,98,10,113,34,36,63,2
54.20523548126221,115,54,103,10,113,36,35,60,2
54.227535009384155,116,49,86,10,113,36,33,57,2
54.25014114379883,123,60,91,10,116,33,33,54,2
54.26503229141235,117,61,91,11,110,33,33,48,2
54.287946462631226,198,70,85,11,109,32,31,61,2
54.31005120277405,201,76,87,11,107,35,33,67,2
54.32509136199951,203,84,91,11,80,36,37,69,2
54.347530126571655,205,87,101,11,66,39,38,66,2
54.37047719955444,205,86,105,10,69,38,39,67,2
54.385074615478516,114,80,108,10,70,40,40,56,2
54.40719270706177,96,82,110,9,76,42,43,56,2
54.430278301239014,122,74,102,10,71,40,42,55,2
54.44493007659912,116,66,78,9,61,38,41,57,2
54.46758484840393,123,68,74,10,56,42,41,64,2
54.49010896682739,117,68,81,10,60,42,41,64,2
54.50508713722229,165,67,85,9,63,37,37,62,2
54.527827501297,166,99,109,9,82,39,36,71,2
54.550151348114014,166,99,129,9,123,42,38,68,2
54.56499433517456,169,100,129,9,130,39,37,62,2
54.58751344680786,186,104,124,9,128,39,36,62,2
54.609965085983276,148,110,135,10,124,45,43,71,2
54.624977588653564,119,83,125,11,126,41,42,63,2
54.64780378341675,121,82,110,10,96,43,43,70,2
54.6701385974884,161,84,109,11,87,43,48,79,2
54.68501687049866,151,84,112,11,92,45,51,81,2
54.707616567611694,149,76,101,9,93,41,46,76,2
54.72956204414368,154,75,109,10,81,43,47,78,2
54.74513053894043,179,74,105,11,75,38,45,73,2
54.76760411262512,144,70,106,11,75,37,38,62,2
54.790273666381836,143,73,120,12,96,36,37,61,2
54.80513024330139,143,71,118,12,106,39,37,56,2
54.82773542404175,147,68,100,12,105,36,34,50,2
54.850045919418335,109,67,102,11,108,36,34,52,2
54.86510515213013,95,65,128,11,119,36,37,56,2
54.887484550476074,89,65,117,10,104,37,37,59,2
54.91029596328735,85,56,113,10,103,32,35,57,2
54.92510461807251,67,62,123,10,111,35,34,56,2
54.947685956954956,99,69,121,10,106,35,33,57,2
54.97003173828125,104,74,96,9,107,38,34,60,2
54.98522973060608,102,67,89,10,114,36,34,58,2
55.00715923309326,119,70,81,10,105,37,36,63,2
55.029651403427124,127,69,85,10,103,38,39,71,2
55.05316090583801,105,68,88,10,112,41,40,71,2
55.06754207611084,111,65,88,10,102,39,37,65,2
55.09067487716675,109,61,89,10,88,38,34,61,2
55.11419081687927,94,63,100,10,88,38,33,59,2
55.12822341918945,91,72,88,10,78,37,35,59,2
55.14998412132263,99,72,88,10,83,34,37,65,2
55.17405724525452,126,75,85,10,86,35,37,68,2
55.18780851364136,133,80,95,9,92,35,37,70,2
55.21026420593262,132,76,82,9,96,34,36,67,2
55.23329973220825,130,65,97,9,109,34,31,65,2
55.247578144073486,125,63,95,9,100,33,29,60,2
55.2701690196991,105,62,95,9,93,31,30,58,2
55.29526472091675,91,56,94,10,93,29,28,55,2
55.30776572227478,92,55,117,10,100,30,30,56,2
55.33210349082947,94,62,125,10,97,28,31,55,2
55.3531858921051,118,56,126,11,90,31,32,50,2
55.367868185043335,123,56,131,11,107,31,31,52,2
55.390082359313965,122,55,133,10,109,32,31,55,2
55.413312911987305,121,54,115,10,100,32,31,56,2
55.42751407623291,142,49,97,10,93,32,29,51,2
55.45032334327698,129,50,95,10,97,31,26,52,2
55.473243951797485,110,51,105,10,97,32,26,54,2
55.48884630203247,109,55,98,10,93,32,27,50,2
55.51009273529053,125,58,94,10,90,31,25,46,2
55.53326869010925,143,68,106,11,86,30,25,47,2
55.54772353172302,137,68,111,11,98,30,28,47,2
55.5701379776001,143,71,111,10,89,34,32,44,2
55.593496799468994,173,72,117,11,86,34,33,48,2
55.60755515098572,178,74,117,11,86,34,37,51,2
55.6300413608551,145,65,105,10,84,33,37,49,2
55.653473138809204,144,67,111,10,70,32,34,46,2
55.6675488948822,180,58,93,10,59,27,30,42,2
55.69005751609802,163,59,87,10,62,27,31,46,2
55.71471071243286,147,58,88,10,69,25,30,44,2
55.727762937545776,165,71,102,10,83,27,31,45,2
55.75077223777771,165,72,98,10,90,29,34,54,2
55.77324819564819,137,74,106,11,96,29,33,55,2
55.788063287734985,128,76,112,11,96,30,33,54,2
55.81042146682739,133,75,114,11,95,29,31,53,2
55.83323812484741,105,63,97,11,85,30,30,52,2
55.847514390945435,127,66,92,11,77,30,30,49,2
55.870166540145874,113,63,85,11,70,30,30,52,2
55.89340329170227,108,56,69,10,67,30,32,46,2
55.90784502029419,103,55,66,10,64,35,36,52,2
55.93009662628174,143,64,71,10,74,40,40,58,2
55.953343629837036,132,57,67,10,71,41,38,55,2
55.96816873550415,149,63,69,10,83,41,40,51,2
55.990492820739746,156,63,73,10,85,41,39,55,2
56.01309084892273,171,65,82,10,87,38,40,57,2
56.036314725875854,145,67,77,10,83,32,36,51,2
56.05006289482117,143,70,80,10,89,30,37,50,2
56.08076357841492,127,69,85,10,82,28,35,50,2
56.09580588340759,125,71,89,10,92,29,34,50,2
56.11013722419739,119,68,80,11,105,28,29,47,2
56.133756160736084,114,59,87,10,121,28,30,47,2
56.15598821640015,104,61,93,10,120,25,30,51,2
56.17027735710144,96,70,103,9,117,30,36,56,2
56.19329285621643,88,70,97,9,113,27,34,52,2
56.21611428260803,71,71,97,9,109,28,35,53,2
56.230154037475586,72,75,95,9,89,32,37,57,2
56.25320792198181,81,70,83,10,83,32,36,58,2
56.27612233161926,95,67,73,10,82,29,29,50,2
56.290112257003784,116,72,78,10,75,35,37,69,2
56.31323790550232,118,85,112,11,75,38,41,76,2
56.33588004112244,119,80,112,11,73,37,40,73,2
56.350361347198486,111,82,119,11,76,39,45,73,2
56.3733491897583,97,72,111,11,85,40,46,74,2
56.40284490585327,90,72,109,11,87,37,40,60,2
56.40980625152588,128,65,77,10,78,37,36,48,2
56.43332505226135,134,66,72,10,72,34,36,48,2
56.45703482627869,139,68,59,10,71,38,32,47,2
56.47005558013916,140,73,91,10,85,38,32,59,2
56.49319815635681,139,71,102,10,87,35,33,56,2
56.51602864265442,110,64,100,10,83,33,34,56,2
56.5302369594574,103,65,100,11,83,33,33,56,2
56.5537543296814,104,69,102,10,83,29,35,64,2
56.575761795043945,106,72,75,11,55,32,37,61,2
56.59024214744568,89,68,54,11,60,34,35,62,2
56.614145278930664,75,64,53,11,70,33,35,59,2
56.635913610458374,85,63,58,11,72,34,35,59,2
56.65206432342529,87,57,53,11,72,33,31,48,2
56.673811197280884,94,57,52,10,74,31,31,46,2
56.696080684661865,95,62,65,10,67,31,32,49,2
56.71005415916443,105,69,70,10,59,32,30,54,2
56.733304262161255,107,68,70,10,59,32,30,53,2
56.76457953453064,105,66,70,10,55,34,32,56,2
56.770230770111084,97,57,67,10,52,31,31,50,2
56.79325032234192,105,51,54,10,51,32,30,52,2
56.81587338447571,111,57,54,10,51,31,35,52,2
56.830333948135376,109,59,81,11,64,31,34,52,2
56.85321831703186,106,64,91,10,69,30,32,52,2
56.875898361206055,108,69,97,10,67,32,30,56,2
56.890039682388306,115,83,110,10,73,35,31,62,2
56.91346597671509,143,86,113,10,71,37,30,67,2
56.93585205078125,155,89,106,10,64,40,31,69,2
56.958348512649536,153,88,110,10,67,41,32,70,2
56.97333240509033,153,88,110,10,73,39,34,66,2
56.996537923812866,147,79,103,10,65,41,36,61,2
57.01790189743042,111,76,106,10,71,38,32,55,2
57.03214693069458,86,73,94,11,67,36,34,52,2
57.05633759498596,100,77,85,10,71,36,34,54,2
57.07821273803711,127,81,84,11,72,39,39,71,2
57.09323525428772,128,82,80,11,74,35,36,71,2
57.11577081680298,125,73,71,11,68,32,35,68,2
57.13817572593689,124,70,76,10,81,34,34,70,2
57.15314769744873,113,70,71,10,72,33,33,67,2
57.17581033706665,76,66,66,9,68,31,27,49,2
57.19859480857849,77,66,69,9,67,32,29,51,2
57.213287353515625,102,69,74,9,70,34,35,52,2
57.23586583137512,112,75,79,9,65,35,38,51,2
57.258260011672974,131,70,78,9,66,37,39,54,2
57.27392888069153,131,67,77,9,64,35,40,58,2
57.29606246948242,127,69,77,9,67,33,38,53,2
57.31864857673645,104,72,79,10,71,35,35,54,2
57.33251357078552,92,66,74,9,58,30,31,53,2
57.35637164115906,144,73,77,9,57,30,32,55,2
57.378607988357544,151,83,91,10,57,32,31,61,2
57.39322209358215,155,84,98,10,59,33,31,62,2
57.415897369384766,163,79,92,10,53,31,34,65,2
57.438782691955566,184,81,92,10,74,35,36,75,2
57.452723264694214,151,76,94,10,75,36,39,72,2
57.4758243560791,146,67,87,10,78,36,39,67,2
57.49829697608948,139,60,83,10,78,34,38,65,2
57.512505531311035,147,58,82,10,81,38,39,69,2
57.53596806526184,132,58,80,10,63,36,38,60,2
57.56591510772705,121,56,79,9,66,35,36,60,2
57.57274079322815,118,49,73,9,83,35,36,57,2
57.595871925354004,120,50,64,9,83,34,35,56,2
57.618314027786255,115,50,73,9,83,32,31,51,2
57.632617712020874,105,47,69,9,86,32,31,52,2
57.657689332962036,89,55,71,9,91,31,29,54,2
57.68574023246765,86,57,71,9,80,32,28,54,2
57.692482233047485,97,56,69,9,80,32,27,51,2
57.71578097343445,85,55,58,9,77,32,27,48,2
57.73786425590515,80,56,66,9,75,30,24,42,2
57.75246858596802,86,54,66,9,68,38,30,42,2
57.776020526885986,95,56,69,10,59,36,31,40,2
57.798253536224365,86,63,72,10,55,38,35,47,2
57.812411069869995,88,72,84,10,60,38,37,55,2
57.8360960483551,88,70,78,10,62,39,38,57,2
57.858290910720825,86,66,81,10,60,33,33,54,2
57.88079237937927,77,64,80,10,66,33,34,56,2
57.89578700065613,73,59,81,9,64,31,31,51,2
57.9185585975647,166,63,67,10,56,30,29,60,2
57.94076228141785,182,67,73,10,52,31,30,61,2
57.955769538879395,180,68,65,10,60,30,30,63,2
57.97848439216614,181,67,62,10,60,30,29,66,2
58.00065565109253,189,68,59,10,56,30,32,66,2
58.015236139297485,134,60,59,10,58,35,35,59,2
58.03762984275818,144,64,47,10,60,35,34,55,2
58.06099009513855,148,62,52,11,57,36,32,50,2
58.07624077796936,148,65,54,10,61,36,34,48,2
58.09827494621277,144,61,54,10,64,35,30,46,2
58.120808839797974,127,55,55,10,65,33,33,40,2
58.13606333732605,122,49,55,9,63,33,35,43,2
58.15856409072876,128,50,48,9,64,31,36,45,2
58.180768966674805,132,47,50,9,61,28,37,50,2
58.1956262588501,130,54,59,10,70,30,38,54,2
58.21869158744812,127,56,63,10,73,33,36,56,2
58.24094867706299,100,66,71,10,72,31,34,58,2
58.25646662712097,92,67,72,10,67,31,35,58,2
58.27818322181702,110,68,73,10,63,34,32,55,2
58.30239725112915,109,66,66,10,55,32,32,53,2
58.3159921169281,107,64,61,10,59,28,31,55,2
58.33829212188721,104,55,55,10,60,27,30,52,2
58.36071515083313,114,55,53,10,63,28,30,53,2
58.37499737739563,113,55,50,10,70,27,31,50,2
58.39828038215637,111,53,48,10,68,28,30,50,2
58.42128849029541,112,56,50,10,64,26,28,43,2
58.435051679611206,114,55,48,10,63,30,28,48,2
58.458616495132446,110,52,47,10,60,30,29,46,2
58.48884320259094,85,51,46,9,55,32,28,49,2
58.49510955810547,109,54,47,9,56,34,28,50,2
58.518293142318726,119,50,48,9,67,34,27,50,2
58.54120850563049,115,47,49,9,73,30,28,46,2
58.55505561828613,104,50,53,9,73,31,31,47,2
58.5795111656189,107,49,52,9,70,30,30,48,2
58.60827088356018,134,49,54,9,70,28,29,52,2
58.61490058898926,138,51,65,9,58,28,30,52,2
58.63827443122864,139,51,66,9,54,30,29,50,2
58.66110181808472,140,46,66,9,59,30,26,49,2
58.675771951675415,142,55,77,10,66,32,32,56,2
58.69855093955994,106,58,81,9,65,33,38,56,2
58.7207236289978,101,61,74,9,63,37,42,58,2
58.734535217285156,128,64,72,9,68,36,42,60,2
58.75856852531433,135,69,84,9,77,36,42,59,2
58.78075408935547,130,67,76,10,70,33,38,49,2
58.795087575912476,131,64,74,10,70,36,34,47,2
58.81848645210266,127,61,69,10,69,30,29,44,2
58.84198594093323,116,65,70,10,66,31,30,50,2
58.863189458847046,112,60,59,10,54,31,31,50,2
58.87978148460388,134,55,65,9,54,32,33,49,2
58.90103340148926,127,58,64,9,51,28,31,51,2
58.9233980178833,119,57,62,9,50,28,32,48,2
58.938252449035645,138,65,66,9,45,29,32,43,2
58.96072030067444,150,75,70,9,48,29,31,44,2
58.98344922065735,131,76,62,10,53,30,30,43,2
58.998364210128784,127,72,64,10,57,29,27,36,2
59.02074718475342,131,70,64,10,60,30,29,37,2
59.04328107833862,104,63,62,10,64,32,31,45,2
59.05835294723511,80,52,54,10,61,32,32,47,2
59.08091402053833,96,48,62,10,60,29,31,49,2
59.103389263153076,101,46,58,10,60,31,34,48,2
59.11861515045166,98,50,62,10,60,31,33,50,2
59.141276597976685,92,48,63,9,58,31,38,48,2
59.16365146636963,120,54,63,10,54,33,39,48,2
59.17857599258423,112,62,59,9,51,34,39,51,2
59.20134782791138,118,66,62,10,48,32,38,52,2
59.22387766838074,121,67,62,10,50,32,39,53,2
59.23876738548279,132,66,56,10,50,32,37,52,2
59.26075506210327,109,65,58,10,54,29,35,50,2
59.283305644989014,104,56,61,10,59,31,35,46,2
59.2978196144104,98,59,68,10,59,31,34,51,2
59.32069730758667,98,58,67,10,56,30,32,49,2
59.3432252407074,111,65,73,10,61,31,31,44,2
59.357521772384644,125,64,75,10,62,32,32,46,2
59.38123941421509,139,74,84,10,58,31,30,53,2
59.41075825691223,135,72,80,10,62,30,30,51,2
59.417442321777344,154,76,85,10,61,34,34,55,2
59.440990924835205,139,72,85,10,50,29,33,53,2
59.46284055709839,124,71,88,9,61,30,33,53,2
59.4777045249939,115,63,78,9,66,29,32,48,2
59.50081753730774,135,75,89,10,64,35,37,56,2
59.52380394935608,113,70,86,10,64,33,35,52,2
59.53746175765991,119,72,93,10,68,35,34,53,2
59.56085014343262,123,75,99,10,58,34,36,54,2
59.58378267288208,115,71,93,10,61,33,37,51,2
59.59829092025757,92,61,81,9,66,30,38,47,2
59.621102809906006,121,66,82,10,65,32,37,55,2
59.643380641937256,111,63,72,10,66,34,40,57,2
59.657723903656006,112,63,54,10,66,33,39,58,2
59.68752193450928,121,77,88,10,65,36,41,66,2
59.70248627662659,128,81,94,11,63,38,39,65,2
59.72467088699341,112,78,92,11,65,35,38,63,2
59.74112415313721,123,76,91,11,65,35,36,64,2
59.762757778167725,122,84,93,11,61,38,37,67,2
59.78632140159607,137,78,74,12,52,38,41,66,2
59.80224323272705,140,71,66,12,54,37,41,65,2
59.82308316230774,130,71,65,11,54,39,42,64,2
59.84499168395996,129,71,70,11,52,38,39,59,2
59.861796379089355,132,61,72,11,54,40,42,60,2
59.88257384300232,111,58,63,10,57,39,36,53,2
59.90511465072632,107,57,66,10,45,36,35,50,2
59.922754764556885,126,58,72,10,46,35,34,46,2
59.942729234695435,112,56,69,10,47,35,36,47,2
59.9648494720459,107,57,70,11,52,33,32,47,2
59.98109173774719,108,65,71,11,54,34,34,55,2
60.002761125564575,108,71,73,11,57,36,36,60,2
60.02492356300354,84,69,72,10,58,38,36,64,2
60.041799783706665,104,71,69,11,55,37,36,65,2
60.06238842010498,134,75,74,10,65,36,36,62,2
60.08546781539917,141,74,81,10,65,41,36,67,2
60.10322022438049,140,71,82,10,66,40,33,65,2
60.123143911361694,150,73,77,10,65,41,33,65,2
60.14510989189148,151,73,76,9,70,43,34,66,2
60.16243267059326,133,76,77,10,67,45,38,73,2
60.18268370628357,125,78,75,10,67,43,39,73,2
60.20500612258911,119,76,73,10,65,42,41,73,2
60.222270011901855,113,72,76,10,63,41,43,74,2
60.242706060409546,113,72,78,10,62,38,43,76,2
60.265074253082275,102,63,73,11,49,37,39,66,2
60.28190231323242,94,47,68,12,50,32,36,54,2
60.30266237258911,101,48,66,12,55,32,33,50,2
60.32516527175903,149,59,68,11,57,32,32,49,2
60.34242868423462,146,61,66,12,56,34,37,47,2
60.36250591278076,144,59,73,11,76,34,36,48,2
60.38519239425659,156,77,83,10,76,38,36,55,2
60.40187644958496,196,77,84,11,87,38,40,58,2
60.43001055717468,167,75,89,11,95,35,37,57,2
60.44585037231445,158,72,96,11,105,33,33,54,2
60.462963342666626,159,71,88,11,95,30,33,54,2
60.482465744018555,148,60,79,11,92,24,32,48,2
60.505053758621216,97,70,79,11,79,24,27,48,2
60.521987438201904,79,70,66,11,66,29,33,48,2
60.54291296005249,112,77,58,11,52,35,40,56,2
60.56495141983032,120,79,59,10,54,39,42,62,2
60.58196306228638,125,75,57,11,56,40,42,64,2
60.60273265838623,126,67,61,10,61,40,43,64,2
60.62539029121399,128,66,74,10,66,39,40,62,2
60.64222002029419,150,78,88,10,67,39,42,62,2
60.66250133514404,187,100,98,10,66,39,45,73,2
60.68493437767029,186,103,102,10,64,39,46,75,2
60.70243501663208,181,102,101,10,61,39,46,78,2
60.72360897064209,180,103,101,10,69,40,46,81,2
60.745070695877075,157,94,97,10,66,36,44,80,2
60.768800258636475,117,79,91,10,62,37,40,72,2
60.78282189369202,114,76,84,10,61,36,39,69,2
60.80651664733887,108,73,82,9,62,36,40,65,2
60.82743811607361,118,68,71,10,56,32,39,64,2
60.84472441673279,125,67,66,10,56,32,33,62,2
60.8649845123291,117,55,61,10,59,30,35,58,2
60.887784481048584,120,50,70,11,65,29,35,58,2
60.902854204177856,120,51,73,11,78,28,31,59,2
60.925355434417725,151,56,73,11,74,30,29,58,2
60.94696116447449,139,49,71,11,73,28,31,54,2
60.96359133720398,140,54,75,11,86,28,33,57,2
60.98497152328491,135,58,77,11,84,32,34,57,2
61.00766372680664,164,61,82,10,75,31,34,58,2
61.02253746986389,147,56,84,11,75,33,36,63,2
61.04598379135132,137,55,85,11,77,33,34,63,2
61.06754231452942,133,53,82,11,71,34,31,60,2
61.08250832557678,138,53,76,10,73,35,31,64,2
61.10520792007446,106,49,68,10,70,38,34,62,2
61.12805533409119,103,52,70,10,68,36,31,52,2
61.14274263381958,124,63,78,9,72,39,32,54,2
61.16574764251709,123,62,83,9,61,37,32,52,2
61.18752431869507,119,60,83,9,61,34,34,44,2
61.20246481895447,116,60,82,10,60,34,32,45,2
61.224997997283936,100,55,81,10,61,35,33,46,2
61.247556924819946,83,46,68,11,58,33,32,43,2
61.26469421386719,89,47,63,11,60,34,34,43,2
61.2866005897522,101,48,65,11,55,34,38,47,2
61.30865406990051,99,50,72,11,70,34,40,51,2
61.32262110710144,99,57,81,10,80,32,41,51,2
61.35266327857971,96,55,88,10,82,34,40,51,2
61.36756443977356,100,55,83,10,79,33,37,54,2
61.38455390930176,100,52,76,10,78,34,32,58,2
61.405054330825806,113,50,72,10,68,31,27,55,2
61.42763304710388,108,47,58,10,53,31,27,57,2
61.44514727592468,101,50,49,10,49,29,28,58,2
61.46467638015747,143,61,47,10,44,30,29,58,2
61.48716425895691,140,62,58,10,54,27,28,56,2
61.5042884349823,132,63,66,10,63,30,30,56,2
61.52676486968994,127,62,70,11,69,31,29,55,2
61.547184228897095,131,61,68,10,71,30,27,53,2
61.5636031627655,100,54,74,10,72,29,30,54,2
61.58513951301575,149,64,68,10,67,34,35,53,2
61.6075279712677,164,75,83,10,65,37,34,53,2
61.6246235370636,167,76,83,10,63,37,35,52,2
61.64500570297241,173,85,85,10,62,38,36,58,2
61.66774606704712,173,85,81,10,62,37,34,56,2
61.69001269340515,129,75,79,10,70,33,31,55,2
61.70503211021423,117,73,56,10,63,30,31,56,2
61.72890853881836,119,77,60,10,59,31,33,60,2
61.74993705749512,128,73,67,10,60,33,37,67,2
61.76693272590637,148,75,69,10,64,34,39,68,2
61.787654876708984,145,74,70,10,54,33,36,67,2
61.810925245285034,139,66,67,10,58,32,36,64,2
61.82528471946716,134,60,60,11,58,30,35,58,2
61.84848713874817,134,49,45,10,50,26,30,50,2
61.869975328445435,124,53,56,11,51,25,27,45,2
61.884878158569336,125,58,81,11,56,27,29,48,2
61.907618284225464,127,63,83,11,53,28,30,54,2
61.93035936355591,131,67,88,10,53,30,28,57,2
61.94512891769409,128,76,93,10,54,33,28,59,2
61.96708631515503,102,74,89,10,62,34,31,61,2
61.98999834060669,123,77,81,10,65,36,36,66,2
62.00503921508789,126,78,79,10,64,39,39,68,2
62.02758717536926,143,72,75,10,62,37,40,67,2
62.05265688896179,130,64,73,10,66,37,40,62,2
62.06524729728699,129,57,69,10,53,35,38,60,2
62.0875608921051,115,53,55,9,48,34,33,57,2
62.11014723777771,144,48,56,10,56,29,30,58,2
62.12451672554016,127,53,57,9,60,30,32,61,2
62.14830994606018,126,48,55,9,59,27,32,61,2
62.17021417617798,122,50,59,9,64,30,33,61,2
62.18705916404724,125,47,65,9,63,29,32,57,2
62.20705270767212,144,53,70,10,69,31,34,55,2
62.230953216552734,146,56,71,10,73,32,31,52,2
62.2449905872345,148,62,78,10,75,34,32,53,2
62.27488660812378,152,65,79,10,73,32,30,56,2
62.29016184806824,182,73,83,11,76,34,32,62,2
62.305187940597534,151,72,78,10,64,31,28,61,2
62.32754349708557,145,68,83,10,56,31,32,61,2
62.35001254081726,145,63,77,10,53,28,31,59,2
62.36523103713989,151,65,73,10,51,29,31,57,2
62.387794494628906,105,57,66,11,44,28,33,48,2
62.4101505279541,99,58,62,11,46,31,34,45,2
62.43259239196777,120,63,55,11,47,29,31,42,2
62.44770097732544,139,75,62,11,71,36,36,60,2
62.47021007537842,132,74,68,11,71,37,37,63,2
62.48499846458435,131,72,65,10,73,35,36,62,2
62.50771403312683,140,71,73,10,73,33,35,61,2
62.530550718307495,120,69,80,10,77,34,34,64,2
62.545642614364624,133,59,79,10,59,26,27,60,2
62.567543268203735,145,61,79,10,63,31,31,66,2
62.590168476104736,146,65,85,10,61,34,34,70,2
62.60542559623718,129,67,82,10,64,35,36,72,2
62.627732276916504,142,68,75,9,59,35,37,73,2
62.65003824234009,151,68,69,9,57,36,39,75,2
62.67262387275696,138,62,63,9,59,36,35,68,2
62.68749380111694,137,60,60,9,60,32,30,67,2
62.710052251815796,138,56,56,10,51,34,29,64,2
62.73257541656494,126,53,56,10,52,36,34,63,2
62.74749970436096,93,61,61,11,58,36,34,52,2
62.770267963409424,89,65,72,11,51,31,33,50,2
62.79262328147888,90,65,81,11,60,31,34,45,2
62.80782604217529,100,64,84,11,62,28,35,49,2
62.83040428161621,108,68,85,11,62,27,31,47,2
62.852869510650635,118,63,84,11,55,27,30,42,2
62.86749529838562,125,59,80,10,63,26,32,42,2
62.88966369628906,130,58,67,9,62,31,35,46,2
62.91292595863342,132,57,62,10,64,32,35,45,2
62.927791595458984,128,52,60,9,63,33,36,50,2
62.94972634315491,105,48,57,9,64,35,37,53,2
62.973084688186646,108,49,55,9,62,33,36,53,2
62.98762059211731,105,54,64,9,67,34,35,55,2
63.01030445098877,91,54,70,9,72,34,35,55,2
63.03254532814026,92,53,80,10,75,32,32,48,2
63.04758167266846,84,53,79,10,77,30,32,49,2
63.07024526596069,66,56,89,10,85,33,32,57,2
63.09264421463013,66,50,87,10,80,28,29,51,2
63.10762906074524,121,54,91,10,84,30,34,54,2
63.13008117675781,123,59,86,9,88,32,35,57,2
63.15274524688721,127,62,89,10,86,30,35,56,2
63.167261362075806,130,62,84,10,79,32,37,48,2
63.18983507156372,149,72,80,10,76,33,40,54,2
63.212504625320435,143,73,78,11,72,33,33,48,2
63.22779893875122,142,69,75,10,66,30,35,46,2
63.249752044677734,140,69,74,11,68,31,36,44,2
63.27218818664551,146,63,61,10,65,28,34,44,2
63.29523062705994,134,61,70,11,66,28,35,46,2
63.31007122993469,99,61,70,11,62,33,38,53,2
63.33280110359192,112,63,72,11,61,34,36,52,2
63.34738898277283,117,66,72,11,59,35,34,57,2
63.36992073059082,114,67,77,11,55,34,34,59,2
63.39257049560547,103,63,71,10,51,34,33,60,2
63.4079315662384,101,59,66,10,49,29,30,56,2
63.430238246917725,80,54,66,9,49,32,30,58,2
63.45247149467468,77,47,67,9,52,31,30,54,2
63.46756553649902,118,56,66,9,52,34,32,60,2
63.49000573158264,127,61,74,10,52,32,30,55,2
63.513123512268066,133,64,72,10,56,32,34,61,2
63.52743911743164,142,66,69,11,64,29,34,67,2
63.54998826980591,156,74,67,11,67,30,36,75,2
63.57256197929382,139,72,66,11,69,29,34,74,2
63.59517478942871,143,65,51,11,70,30,32,73,2
63.61015224456787,140,66,54,11,61,30,30,70,2
63.633074045181274,141,64,56,10,56,30,31,66,2
63.65512776374817,124,61,63,10,54,32,33,61,2
63.67021131515503,116,75,84,9,57,40,43,72,2
63.69274616241455,102,79,95,9,58,39,43,74,2
63.71505379676819,145,83,96,10,67,40,46,77,2
63.73001050949097,151,87,95,10,62,42,47,77,2
63.75285291671753,153,86,96,10,70,46,48,79,2
63.77587532997131,147,72,80,11,79,41,44,72,2
63.790040731430054,168,71,82,11,79,42,47,77,2
63.812623500823975,150,63,82,10,77,42,44,72,2
63.83545279502869,137,67,86,10,97,41,41,73,2
63.85006284713745,135,70,84,10,93,39,40,73,2
63.872649908065796,129,67,83,10,84,36,35,64,2
63.89513063430786,105,62,76,10,83,38,32,58,2
63.910186767578125,80,70,74,10,81,41,35,60,2
63.93266797065735,105,69,69,10,63,43,39,65,2
63.95516109466553,126,67,63,10,63,39,37,60,2
63.96950840950012,126,66,61,10,65,39,37,58,2
63.99300169944763,124,72,62,10,69,40,45,69,2
64.01515197753906,122,66,69,10,69,37,43,67,2
64.03012180328369,104,57,66,11,65,33,40,61,2
64.05274772644043,72,52,68,11,70,33,39,59,2
64.07547736167908,74,55,73,11,73,34,40,60,2
64.09031963348389,88,50,68,11,70,31,32,43,2
64.1134443283081,90,50,63,11,66,32,36,49,2
64.13510656356812,100,50,62,10,67,34,40,49,2
64.1503655910492,102,67,83,9,68,35,39,53,2
64.17258191108704,102,70,84,9,80,36,40,56,2
64.19523167610168,89,70,83,10,79,34,40,60,2
64.21004605293274,136,75,90,10,79,31,36,60,2
64.2326033115387,135,80,100,10,91,32,32,64,2
64.25515532493591,133,66,96,11,85,31,32,64,2
64.27114772796631,132,62,95,11,72,30,31,61,2
64.29287672042847,141,62,95,11,75,29,31,64,2
64.31510519981384,112,57,89,11,82,37,37,69,2
64.32998847961426,99,54,86,11,77,36,41,68,2
64.35296964645386,103,62,85,11,82,41,41,68,2
64.37534046173096,114,64,84,11,85,43,41,70,2
64.39013028144836,107,73,86,11,83,46,43,69,2
64.4125747680664,110,74,94,10,78,40,37,60,2
64.44415068626404,110,74,92,10,68,38,33,53,2
64.4519727230072,113,67,81,10,62,36,36,52,2
64.47262573242188,109,69,86,11,54,40,38,61,2
64.49523377418518,106,71,101,11,55,40,40,62,2
64.51064014434814,102,64,95,11,53,39,41,60,2
64.53275108337402,112,62,90,11,54,41,40,60,2
64.55511832237244,133,70,89,11,44,39,39,66,2
64.57847881317139,128,71,86,10,46,33,38,55,2
64.59296989440918,125,60,69,10,55,28,33,49,2
64.61549377441406,120,63,70,10,62,28,34,47,2
64.63833475112915,119,68,74,9,64,29,38,55,2
64.65249848365784,98,66,86,9,68,31,36,53,2
64.67650055885315,107,61,81,10,65,31,36,58,2
64.69844794273376,110,64,80,10,60,33,33,57,2
64.71408581733704,101,71,83,11,64,37,35,64,2
64.7349259853363,130,76,92,11,64,37,31,68,2
64.75845193862915,133,74,81,11,72,34,29,65,2
64.77279472351074,134,73,81,10,75,36,28,64,2
64.79546093940735,135,69,79,10,71,35,27,64,2
64.81814432144165,136,58,70,10,68,32,24,56,2
64.83279228210449,105,50,62,10,66,32,26,53,2
64.85515475273132,126,70,74,10,61,36,32,66,2
64.8784806728363,122,72,77,10,61,33,33,65,2
64.89275598526001,125,74,92,10,61,34,35,64,2
64.91518712043762,128,78,99,10,80,34,35,65,2
64.93846392631531,132,76,98,10,93,34,32,59,2
64.95250034332275,128,63,90,10,91,34,34,49,2
64.97504615783691,127,63,91,10,91,36,33,51,2
64.998206615448,137,60,79,10,90,37,35,52,2
65.01285696029663,137,62,75,10,73,38,37,55,2
65.03515148162842,129,58,68,10,55,36,38,52,2
65.05853629112244,124,51,64,11,55,32,32,46,2
65.07262992858887,123,55,65,10,54,32,31,46,2
65.09520030021667,119,58,59,10,57,30,29,47,2
65.11836171150208,120,63,64,10,65,31,30,51,2
65.13255286216736,123,68,67,9,72,33,30,53,2
65.1551525592804,100,68,76,9,80,33,33,55,2
65.17827033996582,115,65,69,9,80,31,33,53,2
65.19264602661133,104,77,83,9,84,37,39,60,2
65.21536779403687,105,72,77,10,76,34,36,56,2
65.23826456069946,108,71,74,10,72,33,36,58,2
65.25249433517456,120,70,69,10,59,32,37,58,2
65.27563428878784,135,80,77,10,76,37,42,62,2
65.29749965667725,139,66,61,11,79,33,37,54,2
65.31249618530273,130,64,60,10,81,35,38,51,2
65.33525681495667,127,62,61,11,79,37,39,52,2
65.36762475967407,137,66,66,11,82,37,36,54,2
65.37274980545044,114,63,66,11,68,38,35,61,2
65.39542841911316,103,64,67,11,63,34,33,59,2
65.41786360740662,107,65,68,11,61,33,33,62,2
65.43289566040039,113,66,74,10,60,32,32,61,2
65.45507526397705,88,62,83,10,61,33,34,58,2
65.47753667831421,110,71,91,10,59,32,34,52,2
65.50089693069458,135,81,98,10,63,34,35,56,2
65.51519417762756,141,83,97,10,63,35,35,56,2
65.5377926826477,144,81,94,11,73,34,35,56,2
65.56122899055481,145,89,89,11,73,36,35,58,2
65.57464075088501,137,75,86,11,73,36,37,57,2
65.59723019599915,128,72,85,11,66,37,38,63,2
65.62081503868103,128,67,86,11,68,38,37,59,2
65.63633561134338,124,76,101,10,66,40,38,62,2
65.65757155418396,122,74,101,10,68,40,37,59,2
65.68072581291199,104,72,89,9,66,35,35,54,2
65.69513607025146,89,67,84,9,69,39,36,46,2
65.71770191192627,128,69,88,10,79,40,36,50,2
65.74078583717346,127,72,71,9,74,40,37,50,2
65.75610113143921,130,66,70,10,70,39,36,49,2
65.77774000167847,132,68,78,10,72,42,35,53,2
65.80078744888306,132,73,81,10,76,38,31,56,2
65.81509447097778,116,74,74,10,63,37,35,62,2
65.83774662017822,115,66,76,10,66,37,36,61,2
65.86115288734436,108,63,68,10,66,36,35,60,2
65.87556624412537,107,58,63,10,64,36,35,57,2
65.89766526222229,116,55,68,10,65,38,44,62,2
65.92092609405518,104,52,71,11,66,37,43,58,2
65.93648266792297,120,48,71,10,61,35,40,56,2
65.95752811431885,126,60,80,11,60,38,43,59,2
65.98118185997009,131,77,92,11,63,41,45,67,2
65.99503135681152,127,95,117,11,70,43,40,72,2
66.01793384552002,113,106,124,11,73,46,41,76,2
66.04068350791931,125,106,125,11,71,46,43,80,2
66.05496525764465,134,103,123,10,72,42,41,79,2
66.07822322845459,135,94,120,10,75,42,43,78,2
66.10118079185486,139,72,92,10,61,39,43,71,2
66.1146330833435,143,57,84,10,56,38,41,67,2
66.13709950447083,115,60,87,10,65,39,39,61,2
66.16846823692322,105,65,97,10,66,41,41,66,2
66.17492175102234,114,67,110,10,63,39,37,60,2
66.19781756401062,110,69,116,10,71,36,34,58,2
66.22104454040527,102,73,117,10,71,35,33,52,2
66.23495507240295,102,75,117,10,67,34,32,53,2
66.25870060920715,114,71,105,10,67,31,32,48,2
66.28836870193481,136,73,85,10,71,32,32,51,2
66.29525399208069,136,74,82,11,64,33,31,47,2
66.31754446029663,139,67,76,10,65,35,31,51,2
66.3418641090393,152,76,70,10,61,38,38,60,2
66.35495781898499,139,74,69,10,60,39,35,59,2
66.37766790390015,152,87,67,10,56,40,37,67,2
66.40114259719849,157,93,59,10,55,38,39,71,2
66.41499328613281,162,97,64,10,53,36,43,73,2
66.4375410079956,150,86,62,10,56,33,39,65,2
66.46078205108643,151,90,66,10,54,33,41,63,2
66.48365497589111,107,83,86,10,53,32,39,60,2
66.49760317802429,101,73,89,11,51,36,40,57,2
66.52092266082764,105,70,90,10,66,38,37,51,2
66.54358100891113,113,71,90,11,63,38,37,54,2
66.55815434455872,120,85,97,11,68,44,44,72,2
66.58087205886841,118,80,88,10,67,48,47,67,2
66.60327315330505,112,82,92,10,70,47,46,67,2
66.61715245246887,166,99,97,10,58,45,45,80,2
66.64079737663269,173,100,98,9,61,45,45,80,2
66.66332626342773,171,91,96,10,60,43,44,76,2
66.67794513702393,174,90,89,10,62,41,45,77,2
66.70022583007812,179,98,95,10,59,40,50,81,2
66.72351098060608,130,87,91,10,64,43,49,70,2
66.73697900772095,124,88,109,10,75,46,49,73,2
66.76094079017639,129,86,102,11,80,41,42,65,2
66.78368902206421,126,81,100,11,76,38,38,62,2
66.79780340194702,114,77,91,11,75,37,33,56,2
66.82079148292542,104,72,92,11,71,33,32,58,2
66.84382224082947,114,71,71,11,61,29,32,58,2
66.85773468017578,138,70,73,10,49,29,34,57,2
66.88249611854553,137,80,74,10,56,33,37,60,2
66.90296578407288,181,103,91,10,59,43,45,88,2
66.91762351989746,187,107,94,10,61,46,46,90,2
66.9408061504364,186,103,99,10,65,46,46,87,2
66.963463306427,179,109,101,10,70,49,47,93,2
66.9775288105011,184,116,114,10,74,53,46,98,2
67.00073552131653,152,103,115,10,77,46,38,80,2
67.02317571640015,186,105,109,10,88,43,37,80,2
67.03749966621399,181,109,104,11,85,44,38,83,2
67.06116247177124,164,101,103,10,83,42,36,75,2
67.09074378013611,164,104,106,10,81,44,40,82,2
67.09758353233337,179,93,88,10,80,46,42,81,2
67.12255072593689,137,87,88,10,63,46,41,78,2
67.14345502853394,132,95,94,10,70,47,40,82,2
67.15802764892578,133,94,93,10,67,47,41,80,2
67.18069076538086,133,72,69,10,60,38,36,65,2
67.20321440696716,106,75,66,10,53,33,33,61,2
67.21758341789246,95,73,80,10,62,37,33,58,2
67.24128723144531,91,67,78,10,52,35,33,50,2
67.26330065727234,109,65,78,10,58,36,36,51,2
67.27848529815674,97,66,78,10,59,34,33,45,2
67.30074763298035,98,76,89,10,73,39,35,52,2
67.32345676422119,109,74,78,10,68,37,37,53,2
67.33758211135864,126,68,78,10,70,38,38,56,2
67.36081552505493,127,71,80,10,69,35,36,56,2
67.3833692073822,131,77,84,10,69,37,38,62,2
67.40691018104553,130,62,75,10,56,36,39,59,2
67.42086625099182,142,68,74,10,59,36,38,63,2
67.44373631477356,126,66,71,10,56,35,36,59,2
67.46585512161255,132,62,71,10,52,36,34,57,2
67.48076033592224,132,55,70,10,50,35,38,56,2
67.50336337089539,131,70,81,10,52,31,37,61,2
67.5283591747284,109,64,80,10,50,30,39,57,2
67.54069328308105,112,63,75,10,51,30,38,57,2
67.56332349777222,110,65,77,10,54,34,40,59,2
67.58522891998291,111,64,73,10,53,31,33,55,2
67.60072898864746,111,49,64,10,54,30,34,52,2
67.62340641021729,112,49,68,10,54,31,33,56,2
67.64582681655884,126,61,75,10,60,33,33,58,2
67.66018962860107,106,60,72,10,59,29,33,58,2
67.68384170532227,114,69,80,10,67,32,35,66,2
67.70565176010132,116,77,80,10,62,34,32,69,2
67.72075581550598,118,81,85,10,62,36,34,64,2
67.74369931221008,103,74,83,10,58,35,35,64,2
67.76573467254639,99,72,82,10,55,33,33,62,2
67.78082203865051,94,70,75,10,51,36,35,65,2
67.80325317382812,163,68,83,10,55,36,33,63,2
67.82610487937927,177,71,79,10,53,33,30,66,2
67.84008979797363,174,70,73,9,54,31,28,63,2
67.86328458786011,178,74,77,9,62,33,29,65,2
67.88573336601257,178,68,77,10,61,29,24,55,2
67.90005493164062,139,73,64,10,62,31,27,53,2
67.923255443573,124,72,64,10,58,32,28,51,2
67.94575262069702,129,81,72,10,53,32,31,57,2
67.96028995513916,126,85,79,10,57,32,31,58,2
67.98334622383118,151,95,87,9,61,38,38,72,2
68.00563049316406,129,85,87,9,65,34,38,68,2
68.02008748054504,121,79,81,9,67,34,37,65,2
68.04329657554626,126,74,74,9,73,34,37,66,2
68.06644248962402,123,71,64,9,65,33,37,62,2
68.0800404548645,105,63,61,9,65,28,33,51,2
68.10320591926575,113,66,66,10,61,31,36,54,2
68.12602710723877,116,67,67,10,67,34,37,54,2
68.13994526863098,118,62,74,9,66,36,37,54,2
68.16374373435974,119,56,74,9,67,35,39,59,2
68.18573880195618,138,60,67,9,60,35,39,61,2
68.20000767707825,144,67,62,9,68,36,36,61,2
68.22367262840271,152,80,79,9,71,35,37,64,2
